payment_id,loan_id,emi_due_date,emi_paid_date,emi_amount,paid_amount,payment_status,payment_mode
PAY00000001,LN000001,2025-09-16,2025-10-05,105991,105991,LATE,CARD
PAY00000002,LN000001,2025-10-16,2025-10-23,105991,105991,LATE,UPI
PAY00000003,LN000001,2025-11-15,2025-11-13,105991,105991,PAID,CASH
PAY00000004,LN000001,2025-12-15,2025-12-15,105991,105991,PAID,AUTO_DEBIT
PAY00000005,LN000001,2026-01-14,2026-01-12,105991,105991,PAID,AUTO_DEBIT
PAY00000006,LN000001,2026-02-13,2026-02-11,105991,105991,PAID,CASH
PAY00000007,LN000002,2025-10-13,2025-10-13,45396,45396,PAID,NET_BANKING
PAY00000008,LN000002,2025-11-12,2025-12-02,45396,45396,LATE,NET_BANKING
PAY00000009,LN000002,2025-12-12,2025-12-17,45396,45396,LATE,CARD
PAY00000010,LN000002,2026-01-11,2026-01-09,45396,45396,PAID,CASH
PAY00000011,LN000002,2026-02-10,2026-02-10,45396,45396,PAID,CARD
PAY00000012,LN000002,2026-03-12,2026-03-14,45396,17309,PARTIAL,CARD
PAY00000013,LN000003,2025-08-15,2025-08-15,233964,233964,PAID,UPI
PAY00000014,LN000003,2025-09-14,2025-09-12,233964,233964,PAID,AUTO_DEBIT
PAY00000015,LN000003,2025-10-14,2025-10-13,233964,233964,PAID,UPI
PAY00000016,LN000003,2025-11-13,2025-11-11,233964,233964,PAID,AUTO_DEBIT
PAY00000017,LN000003,2025-12-13,2025-12-11,233964,233964,PAID,AUTO_DEBIT
PAY00000018,LN000003,2026-01-12,2026-01-21,233964,233964,LATE,CASH
PAY00000019,LN000004,2025-11-05,2025-11-03,25253,25253,PAID,CARD
PAY00000020,LN000004,2025-12-05,2025-12-03,25253,25253,PAID,UPI
PAY00000021,LN000004,2026-01-04,2026-01-03,25253,25253,PAID,NET_BANKING
PAY00000022,LN000004,2026-02-03,2026-02-02,25253,25253,PAID,AUTO_DEBIT
PAY00000023,LN000004,2026-03-05,2026-03-04,25253,25253,PAID,CASH
PAY00000024,LN000004,2026-04-04,2026-04-04,25253,25253,PAID,CARD
PAY00000025,LN000005,2025-10-06,2025-10-04,39921,39921,PAID,AUTO_DEBIT
PAY00000026,LN000005,2025-11-05,2025-11-05,39921,39921,PAID,NET_BANKING
PAY00000027,LN000005,2025-12-05,2025-12-03,39921,39921,PAID,UPI
PAY00000028,LN000005,2026-01-04,2026-01-03,39921,39921,PAID,AUTO_DEBIT
PAY00000029,LN000005,2026-02-03,2026-02-19,39921,39921,LATE,CARD
PAY00000030,LN000005,2026-03-05,2026-03-03,39921,39921,PAID,NET_BANKING
PAY00000031,LN000006,2025-05-03,2025-05-03,12639,12639,PAID,UPI
PAY00000032,LN000006,2025-06-02,2025-05-31,12639,12639,PAID,NET_BANKING
PAY00000033,LN000006,2025-07-02,2025-06-30,12639,12639,PAID,UPI
PAY00000034,LN000006,2025-08-01,2025-08-06,12639,3583,PARTIAL,AUTO_DEBIT
PAY00000035,LN000006,2025-08-31,2025-09-17,12639,10426,PARTIAL,CASH
PAY00000036,LN000006,2025-09-30,,12639,0,MISSED,
PAY00000037,LN000007,2025-06-23,2025-07-03,192387,157440,PARTIAL,NET_BANKING
PAY00000038,LN000007,2025-07-23,2025-07-22,192387,192387,PAID,CARD
PAY00000039,LN000007,2025-08-22,2025-08-21,192387,192387,PAID,CASH
PAY00000040,LN000007,2025-09-21,2025-09-19,192387,192387,PAID,NET_BANKING
PAY00000041,LN000007,2025-10-21,2025-10-19,192387,192387,PAID,AUTO_DEBIT
PAY00000042,LN000007,2025-11-20,2025-11-18,192387,192387,PAID,AUTO_DEBIT
PAY00000043,LN000008,2025-05-30,2025-05-30,3358,3358,PAID,NET_BANKING
PAY00000044,LN000008,2025-06-29,2025-06-29,3358,3358,PAID,UPI
PAY00000045,LN000008,2025-07-29,2025-07-27,3358,3358,PAID,CASH
PAY00000046,LN000008,2025-08-28,2025-09-02,3358,3358,LATE,CASH
PAY00000047,LN000008,2025-09-27,2025-09-26,3358,3358,PAID,CASH
PAY00000048,LN000008,2025-10-27,2025-10-25,3358,3358,PAID,CASH
PAY00000049,LN000009,2025-02-28,2025-02-26,75090,75090,PAID,NET_BANKING
PAY00000050,LN000009,2025-03-30,2025-04-17,75090,56055,PARTIAL,CARD
PAY00000051,LN000009,2025-04-29,2025-04-28,75090,75090,PAID,UPI
PAY00000052,LN000009,2025-05-29,2025-06-12,75090,75090,LATE,NET_BANKING
PAY00000053,LN000009,2025-06-28,2025-07-14,75090,54345,PARTIAL,CARD
PAY00000054,LN000009,2025-07-28,2025-07-26,75090,75090,PAID,CASH
PAY00000055,LN000010,2025-04-29,2025-04-28,33565,33565,PAID,NET_BANKING
PAY00000056,LN000010,2025-05-29,2025-06-01,33565,14095,PARTIAL,CASH
PAY00000057,LN000010,2025-06-28,2025-06-28,33565,33565,PAID,UPI
PAY00000058,LN000010,2025-07-28,2025-07-29,33565,33565,LATE,CASH
PAY00000059,LN000010,2025-08-27,2025-08-25,33565,33565,PAID,UPI
PAY00000060,LN000010,2025-09-26,2025-09-26,33565,33565,PAID,AUTO_DEBIT
PAY00000061,LN000011,2025-02-14,2025-02-13,14629,14629,PAID,CASH
PAY00000062,LN000011,2025-03-16,2025-03-14,14629,14629,PAID,CARD
PAY00000063,LN000011,2025-04-15,2025-04-13,14629,14629,PAID,AUTO_DEBIT
PAY00000064,LN000011,2025-05-15,,14629,0,MISSED,
PAY00000065,LN000011,2025-06-14,2025-06-14,14629,14629,PAID,CARD
PAY00000066,LN000011,2025-07-14,2025-07-12,14629,14629,PAID,CARD
PAY00000067,LN000012,2025-05-07,2025-05-06,108169,108169,PAID,AUTO_DEBIT
PAY00000068,LN000012,2025-06-06,,108169,0,MISSED,
PAY00000069,LN000012,2025-07-06,2025-07-04,108169,108169,PAID,CARD
PAY00000070,LN000012,2025-08-05,2025-08-27,108169,108169,LATE,UPI
PAY00000071,LN000012,2025-09-04,2025-09-19,108169,108169,LATE,NET_BANKING
PAY00000072,LN000012,2025-10-04,2025-10-02,108169,108169,PAID,CARD
PAY00000073,LN000013,2025-04-30,2025-05-20,10459,10459,LATE,UPI
PAY00000074,LN000013,2025-05-30,2025-05-28,10459,10459,PAID,UPI
PAY00000075,LN000013,2025-06-29,2025-07-04,10459,10459,LATE,CARD
PAY00000076,LN000013,2025-07-29,2025-08-12,10459,3167,PARTIAL,AUTO_DEBIT
PAY00000077,LN000013,2025-08-28,2025-08-28,10459,10459,PAID,CASH
PAY00000078,LN000013,2025-09-27,2025-09-26,10459,10459,PAID,CARD
PAY00000079,LN000014,2025-02-10,2025-02-08,71337,71337,PAID,CASH
PAY00000080,LN000014,2025-03-12,2025-03-12,71337,71337,PAID,CARD
PAY00000081,LN000014,2025-04-11,2025-04-11,71337,71337,PAID,CASH
PAY00000082,LN000014,2025-05-11,2025-05-11,71337,71337,PAID,CASH
PAY00000083,LN000014,2025-06-10,2025-06-08,71337,71337,PAID,NET_BANKING
PAY00000084,LN000014,2025-07-10,2025-07-08,71337,71337,PAID,UPI
PAY00000085,LN000015,2025-07-24,2025-07-24,57004,57004,PAID,UPI
PAY00000086,LN000015,2025-08-23,,57004,0,MISSED,
PAY00000087,LN000015,2025-09-22,2025-10-04,57004,57004,LATE,CARD
PAY00000088,LN000015,2025-10-22,2025-10-22,57004,57004,PAID,CASH
PAY00000089,LN000015,2025-11-21,2025-11-19,57004,57004,PAID,UPI
PAY00000090,LN000015,2025-12-21,2026-01-08,57004,23981,PARTIAL,CASH
PAY00000091,LN000016,2025-04-16,2025-04-15,4728,4728,PAID,NET_BANKING
PAY00000092,LN000016,2025-05-16,2025-05-16,4728,4728,PAID,CARD
PAY00000093,LN000016,2025-06-15,2025-07-04,4728,1195,PARTIAL,NET_BANKING
PAY00000094,LN000016,2025-07-15,2025-07-15,4728,4728,PAID,CASH
PAY00000095,LN000016,2025-08-14,2025-08-13,4728,4728,PAID,AUTO_DEBIT
PAY00000096,LN000016,2025-09-13,,4728,0,MISSED,
PAY00000097,LN000017,2025-08-05,,186026,0,MISSED,
PAY00000098,LN000017,2025-09-04,2025-09-23,186026,74426,PARTIAL,CARD
PAY00000099,LN000017,2025-10-04,,186026,0,MISSED,
PAY00000100,LN000017,2025-11-03,2025-11-03,186026,186026,PAID,AUTO_DEBIT
PAY00000101,LN000017,2025-12-03,,186026,0,MISSED,
PAY00000102,LN000017,2026-01-02,2026-01-01,186026,186026,PAID,CASH
PAY00000103,LN000018,2025-07-22,2025-07-21,39844,39844,PAID,UPI
PAY00000104,LN000018,2025-08-21,2025-08-21,39844,39844,PAID,NET_BANKING
PAY00000105,LN000018,2025-09-20,2025-10-04,39844,39844,LATE,AUTO_DEBIT
PAY00000106,LN000018,2025-10-20,2025-10-20,39844,39844,PAID,AUTO_DEBIT
PAY00000107,LN000018,2025-11-19,2025-11-19,39844,39844,PAID,CARD
PAY00000108,LN000018,2025-12-19,2025-12-18,39844,39844,PAID,UPI
PAY00000109,LN000019,2025-09-11,2025-09-10,11452,11452,PAID,AUTO_DEBIT
PAY00000110,LN000019,2025-10-11,2025-10-09,11452,11452,PAID,AUTO_DEBIT
PAY00000111,LN000019,2025-11-10,2025-11-08,11452,11452,PAID,NET_BANKING
PAY00000112,LN000019,2025-12-10,2025-12-10,11452,11452,PAID,NET_BANKING
PAY00000113,LN000019,2026-01-09,2026-01-18,11452,11452,LATE,NET_BANKING
PAY00000114,LN000019,2026-02-08,2026-02-08,11452,11452,PAID,CASH
PAY00000115,LN000020,2025-11-14,2025-11-18,41962,41962,LATE,UPI
PAY00000116,LN000020,2025-12-14,2025-12-12,41962,41962,PAID,CARD
PAY00000117,LN000020,2026-01-13,2026-01-11,41962,41962,PAID,UPI
PAY00000118,LN000020,2026-02-12,2026-02-24,41962,41962,LATE,CASH
PAY00000119,LN000020,2026-03-14,2026-03-12,41962,41962,PAID,AUTO_DEBIT
PAY00000120,LN000020,2026-04-13,2026-04-11,41962,41962,PAID,AUTO_DEBIT
PAY00000121,LN000021,2025-11-28,2025-12-03,41571,41571,LATE,UPI
PAY00000122,LN000021,2025-12-28,2025-12-27,41571,41571,PAID,CARD
PAY00000123,LN000021,2026-01-27,2026-01-29,41571,22925,PARTIAL,CARD
PAY00000124,LN000021,2026-02-26,2026-03-04,41571,21796,PARTIAL,UPI
PAY00000125,LN000021,2026-03-28,2026-04-12,41571,41571,LATE,AUTO_DEBIT
PAY00000126,LN000021,2026-04-27,2026-04-28,41571,41571,LATE,NET_BANKING
PAY00000127,LN000022,2025-01-31,2025-01-30,97396,97396,PAID,CASH
PAY00000128,LN000022,2025-03-02,2025-03-08,97396,56405,PARTIAL,NET_BANKING
PAY00000129,LN000022,2025-04-01,2025-03-30,97396,97396,PAID,AUTO_DEBIT
PAY00000130,LN000022,2025-05-01,2025-04-30,97396,97396,PAID,CARD
PAY00000131,LN000022,2025-05-31,2025-05-29,97396,97396,PAID,AUTO_DEBIT
PAY00000132,LN000022,2025-06-30,2025-06-29,97396,97396,PAID,AUTO_DEBIT
PAY00000133,LN000023,2025-11-17,2025-11-15,2602,2602,PAID,NET_BANKING
PAY00000134,LN000023,2025-12-17,2026-01-10,2602,2602,LATE,AUTO_DEBIT
PAY00000135,LN000023,2026-01-16,2026-02-03,2602,2602,LATE,CARD
PAY00000136,LN000023,2026-02-15,2026-02-22,2602,878,PARTIAL,NET_BANKING
PAY00000137,LN000023,2026-03-17,2026-03-17,2602,2602,PAID,NET_BANKING
PAY00000138,LN000023,2026-04-16,2026-04-16,2602,2602,PAID,CASH
PAY00000139,LN000024,2025-03-25,2025-03-24,83630,83630,PAID,AUTO_DEBIT
PAY00000140,LN000024,2025-04-24,2025-04-22,83630,83630,PAID,UPI
PAY00000141,LN000024,2025-05-24,2025-05-22,83630,83630,PAID,NET_BANKING
PAY00000142,LN000024,2025-06-23,2025-06-22,83630,83630,PAID,CARD
PAY00000143,LN000024,2025-07-23,2025-07-27,83630,83630,LATE,CARD
PAY00000144,LN000024,2025-08-22,2025-08-31,83630,83630,LATE,AUTO_DEBIT
PAY00000145,LN000025,2025-07-13,2025-07-12,251684,251684,PAID,AUTO_DEBIT
PAY00000146,LN000025,2025-08-12,2025-08-12,251684,251684,PAID,AUTO_DEBIT
PAY00000147,LN000025,2025-09-11,2025-10-01,251684,92965,PARTIAL,CASH
PAY00000148,LN000025,2025-10-11,2025-10-09,251684,251684,PAID,NET_BANKING
PAY00000149,LN000025,2025-11-10,,251684,0,MISSED,
PAY00000150,LN000025,2025-12-10,2025-12-09,251684,251684,PAID,CASH
PAY00000151,LN000026,2026-01-09,2026-01-12,185428,185428,LATE,CARD
PAY00000152,LN000026,2026-02-08,2026-02-07,185428,185428,PAID,NET_BANKING
PAY00000153,LN000026,2026-03-10,2026-03-21,185428,93286,PARTIAL,CASH
PAY00000154,LN000026,2026-04-09,2026-04-09,185428,185428,PAID,UPI
PAY00000155,LN000026,2026-05-09,2026-05-09,185428,185428,PAID,AUTO_DEBIT
PAY00000156,LN000026,2026-06-08,2026-06-07,185428,185428,PAID,AUTO_DEBIT
PAY00000157,LN000027,2025-05-18,2025-05-17,12850,12850,PAID,AUTO_DEBIT
PAY00000158,LN000027,2025-06-17,2025-07-04,12850,12850,LATE,CARD
PAY00000159,LN000027,2025-07-17,2025-07-17,12850,12850,PAID,UPI
PAY00000160,LN000027,2025-08-16,2025-08-16,12850,12850,PAID,AUTO_DEBIT
PAY00000161,LN000027,2025-09-15,,12850,0,MISSED,
PAY00000162,LN000027,2025-10-15,2025-10-18,12850,12850,LATE,NET_BANKING
PAY00000163,LN000028,2025-01-31,2025-01-31,67042,67042,PAID,CARD
PAY00000164,LN000028,2025-03-02,2025-03-02,67042,67042,PAID,CARD
PAY00000165,LN000028,2025-04-01,2025-04-01,67042,67042,PAID,UPI
PAY00000166,LN000028,2025-05-01,2025-05-01,67042,67042,PAID,UPI
PAY00000167,LN000028,2025-05-31,2025-05-30,67042,67042,PAID,AUTO_DEBIT
PAY00000168,LN000028,2025-06-30,2025-06-28,67042,67042,PAID,AUTO_DEBIT
PAY00000169,LN000029,2025-08-30,2025-08-28,18688,18688,PAID,NET_BANKING
PAY00000170,LN000029,2025-09-29,2025-09-27,18688,18688,PAID,AUTO_DEBIT
PAY00000171,LN000029,2025-10-29,2025-11-09,18688,14362,PARTIAL,CARD
PAY00000172,LN000029,2025-11-28,,18688,0,MISSED,
PAY00000173,LN000029,2025-12-28,2025-12-27,18688,18688,PAID,CASH
PAY00000174,LN000029,2026-01-27,2026-01-25,18688,18688,PAID,CASH
PAY00000175,LN000030,2025-10-03,2025-10-01,23703,23703,PAID,CASH
PAY00000176,LN000030,2025-11-02,2025-10-31,23703,23703,PAID,CASH
PAY00000177,LN000030,2025-12-02,2025-12-01,23703,23703,PAID,CARD
PAY00000178,LN000030,2026-01-01,2026-01-01,23703,23703,PAID,CARD
PAY00000179,LN000030,2026-01-31,2026-01-30,23703,23703,PAID,AUTO_DEBIT
PAY00000180,LN000030,2026-03-02,2026-03-02,23703,23703,PAID,UPI
PAY00000181,LN000031,2025-03-09,2025-03-14,31622,31622,LATE,AUTO_DEBIT
PAY00000182,LN000031,2025-04-08,2025-04-06,31622,31622,PAID,UPI
PAY00000183,LN000031,2025-05-08,2025-05-24,31622,31622,LATE,CARD
PAY00000184,LN000031,2025-06-07,2025-06-06,31622,31622,PAID,AUTO_DEBIT
PAY00000185,LN000031,2025-07-07,2025-07-07,31622,31622,PAID,CASH
PAY00000186,LN000031,2025-08-06,2025-08-05,31622,31622,PAID,CASH
PAY00000187,LN000032,2025-03-25,2025-03-23,166945,166945,PAID,CARD
PAY00000188,LN000032,2025-04-24,2025-05-02,166945,166945,LATE,AUTO_DEBIT
PAY00000189,LN000032,2025-05-24,2025-05-22,166945,166945,PAID,NET_BANKING
PAY00000190,LN000032,2025-06-23,2025-06-21,166945,166945,PAID,AUTO_DEBIT
PAY00000191,LN000032,2025-07-23,2025-07-21,166945,166945,PAID,CASH
PAY00000192,LN000032,2025-08-22,2025-09-05,166945,166945,LATE,NET_BANKING
PAY00000193,LN000033,2025-03-10,2025-03-09,29981,29981,PAID,UPI
PAY00000194,LN000033,2025-04-09,2025-04-07,29981,29981,PAID,CARD
PAY00000195,LN000033,2025-05-09,2025-05-07,29981,29981,PAID,CARD
PAY00000196,LN000033,2025-06-08,2025-06-08,29981,29981,PAID,NET_BANKING
PAY00000197,LN000033,2025-07-08,2025-07-06,29981,29981,PAID,UPI
PAY00000198,LN000033,2025-08-07,2025-08-07,29981,29981,PAID,AUTO_DEBIT
PAY00000199,LN000034,2025-12-11,2026-01-04,200864,200864,LATE,UPI
PAY00000200,LN000034,2026-01-10,2026-01-10,200864,200864,PAID,UPI
PAY00000201,LN000034,2026-02-09,2026-02-08,200864,200864,PAID,CARD
PAY00000202,LN000034,2026-03-11,2026-03-10,200864,200864,PAID,AUTO_DEBIT
PAY00000203,LN000034,2026-04-10,2026-04-10,200864,200864,PAID,AUTO_DEBIT
PAY00000204,LN000034,2026-05-10,2026-05-10,200864,200864,PAID,UPI
PAY00000205,LN000035,2025-04-25,2025-04-23,37426,37426,PAID,CARD
PAY00000206,LN000035,2025-05-25,2025-05-24,37426,37426,PAID,CARD
PAY00000207,LN000035,2025-06-24,2025-06-28,37426,37426,LATE,NET_BANKING
PAY00000208,LN000035,2025-07-24,2025-07-23,37426,37426,PAID,NET_BANKING
PAY00000209,LN000035,2025-08-23,2025-08-25,37426,37426,LATE,NET_BANKING
PAY00000210,LN000035,2025-09-22,2025-09-22,37426,37426,PAID,CASH
PAY00000211,LN000036,2025-05-16,2025-05-15,559473,559473,PAID,AUTO_DEBIT
PAY00000212,LN000036,2025-06-15,2025-06-21,559473,351068,PARTIAL,UPI
PAY00000213,LN000036,2025-07-15,2025-08-02,559473,559473,LATE,CASH
PAY00000214,LN000036,2025-08-14,2025-08-13,559473,559473,PAID,AUTO_DEBIT
PAY00000215,LN000036,2025-09-13,2025-09-13,559473,559473,PAID,NET_BANKING
PAY00000216,LN000036,2025-10-13,,559473,0,MISSED,
PAY00000217,LN000037,2025-07-02,2025-07-02,15278,15278,PAID,NET_BANKING
PAY00000218,LN000037,2025-08-01,2025-08-20,15278,15278,LATE,UPI
PAY00000219,LN000037,2025-08-31,2025-08-31,15278,15278,PAID,UPI
PAY00000220,LN000037,2025-09-30,,15278,0,MISSED,
PAY00000221,LN000037,2025-10-30,2025-10-28,15278,15278,PAID,CARD
PAY00000222,LN000037,2025-11-29,2025-12-04,15278,15278,LATE,AUTO_DEBIT
PAY00000223,LN000038,2025-08-03,2025-08-02,12719,12719,PAID,UPI
PAY00000224,LN000038,2025-09-02,2025-09-13,12719,12719,LATE,UPI
PAY00000225,LN000038,2025-10-02,2025-09-30,12719,12719,PAID,NET_BANKING
PAY00000226,LN000038,2025-11-01,2025-11-05,12719,12719,LATE,NET_BANKING
PAY00000227,LN000038,2025-12-01,2025-11-30,12719,12719,PAID,CASH
PAY00000228,LN000038,2025-12-31,2026-01-25,12719,12719,LATE,AUTO_DEBIT
PAY00000229,LN000039,2025-02-13,2025-02-13,4541,4541,PAID,UPI
PAY00000230,LN000039,2025-03-15,2025-03-27,4541,4541,LATE,NET_BANKING
PAY00000231,LN000039,2025-04-14,2025-04-14,4541,4541,PAID,CARD
PAY00000232,LN000039,2025-05-14,2025-06-01,4541,4541,LATE,AUTO_DEBIT
PAY00000233,LN000039,2025-06-13,2025-06-12,4541,4541,PAID,NET_BANKING
PAY00000234,LN000039,2025-07-13,2025-07-11,4541,4541,PAID,AUTO_DEBIT
PAY00000235,LN000040,2025-03-31,2025-03-29,101655,101655,PAID,CASH
PAY00000236,LN000040,2025-04-30,2025-04-28,101655,101655,PAID,NET_BANKING
PAY00000237,LN000040,2025-05-30,2025-05-29,101655,101655,PAID,CASH
PAY00000238,LN000040,2025-06-29,2025-06-29,101655,101655,PAID,CASH
PAY00000239,LN000040,2025-07-29,2025-07-29,101655,101655,PAID,UPI
PAY00000240,LN000040,2025-08-28,2025-08-27,101655,101655,PAID,CASH
PAY00000241,LN000041,2025-06-15,2025-07-07,18418,18418,LATE,CASH
PAY00000242,LN000041,2025-07-15,2025-07-22,18418,18418,LATE,CASH
PAY00000243,LN000041,2025-08-14,2025-09-08,18418,18418,LATE,CASH
PAY00000244,LN000041,2025-09-13,2025-09-12,18418,18418,PAID,AUTO_DEBIT
PAY00000245,LN000041,2025-10-13,2025-10-12,18418,18418,PAID,UPI
PAY00000246,LN000041,2025-11-12,2025-11-10,18418,18418,PAID,UPI
PAY00000247,LN000042,2025-08-14,2025-08-20,181576,140557,PARTIAL,NET_BANKING
PAY00000248,LN000042,2025-09-13,2025-09-13,181576,181576,PAID,UPI
PAY00000249,LN000042,2025-10-13,2025-10-11,181576,181576,PAID,CARD
PAY00000250,LN000042,2025-11-12,2025-11-10,181576,181576,PAID,CASH
PAY00000251,LN000042,2025-12-12,2025-12-21,181576,181576,LATE,UPI
PAY00000252,LN000042,2026-01-11,2026-01-09,181576,181576,PAID,UPI
PAY00000253,LN000043,2025-06-14,2025-06-30,76371,61634,PARTIAL,UPI
PAY00000254,LN000043,2025-07-14,2025-07-12,76371,76371,PAID,UPI
PAY00000255,LN000043,2025-08-13,2025-08-11,76371,76371,PAID,CARD
PAY00000256,LN000043,2025-09-12,2025-10-05,76371,76371,LATE,UPI
PAY00000257,LN000043,2025-10-12,2025-10-21,76371,76371,LATE,CASH
PAY00000258,LN000043,2025-11-11,2025-11-11,76371,76371,PAID,AUTO_DEBIT
PAY00000259,LN000044,2026-01-22,2026-01-20,329635,329635,PAID,UPI
PAY00000260,LN000044,2026-02-21,2026-02-21,329635,329635,PAID,CASH
PAY00000261,LN000044,2026-03-23,2026-03-23,329635,329635,PAID,CASH
PAY00000262,LN000044,2026-04-22,2026-04-20,329635,329635,PAID,NET_BANKING
PAY00000263,LN000044,2026-05-22,2026-05-20,329635,329635,PAID,CARD
PAY00000264,LN000044,2026-06-21,2026-07-16,329635,329635,LATE,CASH
PAY00000265,LN000045,2025-08-30,2025-08-28,15575,15575,PAID,CARD
PAY00000266,LN000045,2025-09-29,2025-10-05,15575,11299,PARTIAL,CASH
PAY00000267,LN000045,2025-10-29,2025-10-28,15575,15575,PAID,NET_BANKING
PAY00000268,LN000045,2025-11-28,2025-11-26,15575,15575,PAID,CARD
PAY00000269,LN000045,2025-12-28,2026-01-08,15575,9034,PARTIAL,AUTO_DEBIT
PAY00000270,LN000045,2026-01-27,2026-02-10,15575,15575,LATE,CARD
PAY00000271,LN000046,2025-10-25,2025-10-25,217429,217429,PAID,CASH
PAY00000272,LN000046,2025-11-24,2025-11-23,217429,217429,PAID,CASH
PAY00000273,LN000046,2025-12-24,2026-01-02,217429,101323,PARTIAL,CARD
PAY00000274,LN000046,2026-01-23,2026-01-22,217429,217429,PAID,UPI
PAY00000275,LN000046,2026-02-22,2026-03-04,217429,217429,LATE,CASH
PAY00000276,LN000046,2026-03-24,2026-03-24,217429,217429,PAID,AUTO_DEBIT
PAY00000277,LN000047,2025-05-31,,21692,0,MISSED,
PAY00000278,LN000047,2025-06-30,2025-06-29,21692,21692,PAID,UPI
PAY00000279,LN000047,2025-07-30,2025-08-22,21692,21692,LATE,AUTO_DEBIT
PAY00000280,LN000047,2025-08-29,2025-09-15,21692,12663,PARTIAL,CASH
PAY00000281,LN000047,2025-09-28,2025-09-28,21692,21692,PAID,CARD
PAY00000282,LN000047,2025-10-28,2025-10-28,21692,21692,PAID,AUTO_DEBIT
PAY00000283,LN000048,2025-10-22,2025-10-22,150243,150243,PAID,AUTO_DEBIT
PAY00000284,LN000048,2025-11-21,2025-11-24,150243,150243,LATE,CASH
PAY00000285,LN000048,2025-12-21,2025-12-21,150243,150243,PAID,UPI
PAY00000286,LN000048,2026-01-20,2026-02-05,150243,150243,LATE,NET_BANKING
PAY00000287,LN000048,2026-02-19,2026-02-17,150243,150243,PAID,CASH
PAY00000288,LN000048,2026-03-21,2026-03-25,150243,150243,LATE,CASH
PAY00000289,LN000049,2025-09-17,2025-09-15,64859,64859,PAID,CARD
PAY00000290,LN000049,2025-10-17,2025-10-17,64859,64859,PAID,AUTO_DEBIT
PAY00000291,LN000049,2025-11-16,2025-11-15,64859,64859,PAID,CARD
PAY00000292,LN000049,2025-12-16,2025-12-20,64859,50062,PARTIAL,NET_BANKING
PAY00000293,LN000049,2026-01-15,2026-02-04,64859,64859,LATE,UPI
PAY00000294,LN000049,2026-02-14,2026-02-12,64859,64859,PAID,CARD
PAY00000295,LN000050,2025-04-05,2025-04-04,86123,86123,PAID,CASH
PAY00000296,LN000050,2025-05-05,2025-05-04,86123,86123,PAID,CASH
PAY00000297,LN000050,2025-06-04,2025-06-09,86123,86123,LATE,UPI
PAY00000298,LN000050,2025-07-04,2025-07-03,86123,86123,PAID,CARD
PAY00000299,LN000050,2025-08-03,2025-08-22,86123,86123,LATE,CASH
PAY00000300,LN000050,2025-09-02,2025-09-01,86123,86123,PAID,AUTO_DEBIT
PAY00000301,LN000051,2025-12-18,2025-12-17,38412,38412,PAID,UPI
PAY00000302,LN000051,2026-01-17,2026-01-15,38412,38412,PAID,UPI
PAY00000303,LN000051,2026-02-16,2026-02-15,38412,38412,PAID,UPI
PAY00000304,LN000051,2026-03-18,2026-03-17,38412,38412,PAID,NET_BANKING
PAY00000305,LN000051,2026-04-17,2026-05-03,38412,38412,LATE,CASH
PAY00000306,LN000051,2026-05-17,2026-05-16,38412,38412,PAID,CASH
PAY00000307,LN000052,2025-03-06,2025-03-04,32440,32440,PAID,CASH
PAY00000308,LN000052,2025-04-05,2025-04-05,32440,32440,PAID,AUTO_DEBIT
PAY00000309,LN000052,2025-05-05,2025-05-16,32440,32440,LATE,CASH
PAY00000310,LN000052,2025-06-04,2025-06-02,32440,32440,PAID,CARD
PAY00000311,LN000052,2025-07-04,2025-07-03,32440,32440,PAID,NET_BANKING
PAY00000312,LN000052,2025-08-03,2025-08-01,32440,32440,PAID,UPI
PAY00000313,LN000053,2025-10-24,2025-10-23,18094,18094,PAID,CASH
PAY00000314,LN000053,2025-11-23,2025-12-08,18094,18094,LATE,CASH
PAY00000315,LN000053,2025-12-23,2025-12-23,18094,18094,PAID,NET_BANKING
PAY00000316,LN000053,2026-01-22,2026-01-21,18094,18094,PAID,NET_BANKING
PAY00000317,LN000053,2026-02-21,2026-02-24,18094,18094,LATE,UPI
PAY00000318,LN000053,2026-03-23,2026-03-31,18094,18094,LATE,CASH
PAY00000319,LN000054,2025-04-17,2025-04-27,23622,6100,PARTIAL,UPI
PAY00000320,LN000054,2025-05-17,2025-05-16,23622,23622,PAID,UPI
PAY00000321,LN000054,2025-06-16,2025-06-14,23622,23622,PAID,CASH
PAY00000322,LN000054,2025-07-16,2025-07-14,23622,23622,PAID,CASH
PAY00000323,LN000054,2025-08-15,2025-09-02,23622,23622,LATE,CARD
PAY00000324,LN000054,2025-09-14,2025-09-14,23622,23622,PAID,UPI
PAY00000325,LN000055,2025-11-15,2025-12-02,59482,16422,PARTIAL,NET_BANKING
PAY00000326,LN000055,2025-12-15,2025-12-15,59482,59482,PAID,CASH
PAY00000327,LN000055,2026-01-14,2026-01-13,59482,59482,PAID,UPI
PAY00000328,LN000055,2026-02-13,2026-02-11,59482,59482,PAID,AUTO_DEBIT
PAY00000329,LN000055,2026-03-15,2026-03-13,59482,59482,PAID,AUTO_DEBIT
PAY00000330,LN000055,2026-04-14,2026-04-15,59482,25309,PARTIAL,CARD
PAY00000331,LN000056,2025-06-15,2025-06-13,15208,15208,PAID,UPI
PAY00000332,LN000056,2025-07-15,2025-07-31,15208,11711,PARTIAL,CASH
PAY00000333,LN000056,2025-08-14,2025-08-14,15208,15208,PAID,CASH
PAY00000334,LN000056,2025-09-13,,15208,0,MISSED,
PAY00000335,LN000056,2025-10-13,2025-10-11,15208,15208,PAID,UPI
PAY00000336,LN000056,2025-11-12,2025-11-10,15208,15208,PAID,AUTO_DEBIT
PAY00000337,LN000057,2025-06-21,2025-06-21,26744,26744,PAID,UPI
PAY00000338,LN000057,2025-07-21,2025-07-20,26744,26744,PAID,AUTO_DEBIT
PAY00000339,LN000057,2025-08-20,2025-08-20,26744,26744,PAID,CASH
PAY00000340,LN000057,2025-09-19,2025-09-19,26744,26744,PAID,AUTO_DEBIT
PAY00000341,LN000057,2025-10-19,2025-10-20,26744,21835,PARTIAL,AUTO_DEBIT
PAY00000342,LN000057,2025-11-18,2025-11-17,26744,26744,PAID,CARD
PAY00000343,LN000058,2025-07-19,2025-07-18,26916,26916,PAID,CASH
PAY00000344,LN000058,2025-08-18,,26916,0,MISSED,
PAY00000345,LN000058,2025-09-17,2025-09-15,26916,26916,PAID,NET_BANKING
PAY00000346,LN000058,2025-10-17,2025-10-15,26916,26916,PAID,NET_BANKING
PAY00000347,LN000058,2025-11-16,2025-11-15,26916,26916,PAID,CASH
PAY00000348,LN000058,2025-12-16,2025-12-14,26916,26916,PAID,NET_BANKING
PAY00000349,LN000059,2025-08-09,2025-08-07,2000,2000,PAID,NET_BANKING
PAY00000350,LN000059,2025-09-08,2025-09-18,2000,1326,PARTIAL,CASH
PAY00000351,LN000059,2025-10-08,2025-10-22,2000,1694,PARTIAL,NET_BANKING
PAY00000352,LN000059,2025-11-07,2025-11-05,2000,2000,PAID,NET_BANKING
PAY00000353,LN000059,2025-12-07,2025-12-05,2000,2000,PAID,CASH
PAY00000354,LN000059,2026-01-06,,2000,0,MISSED,
PAY00000355,LN000060,2025-10-09,2025-10-09,11835,11835,PAID,UPI
PAY00000356,LN000060,2025-11-08,2025-11-22,11835,11835,LATE,CARD
PAY00000357,LN000060,2025-12-08,2025-12-06,11835,11835,PAID,AUTO_DEBIT
PAY00000358,LN000060,2026-01-07,2026-01-07,11835,11835,PAID,UPI
PAY00000359,LN000060,2026-02-06,2026-02-06,11835,11835,PAID,CASH
PAY00000360,LN000060,2026-03-08,2026-03-06,11835,11835,PAID,CASH
PAY00000361,LN000061,2025-09-14,2025-09-14,97926,97926,PAID,UPI
PAY00000362,LN000061,2025-10-14,2025-10-12,97926,97926,PAID,CARD
PAY00000363,LN000061,2025-11-13,2025-11-11,97926,97926,PAID,CARD
PAY00000364,LN000061,2025-12-13,2025-12-25,97926,97926,LATE,NET_BANKING
PAY00000365,LN000061,2026-01-12,2026-01-28,97926,52322,PARTIAL,NET_BANKING
PAY00000366,LN000061,2026-02-11,2026-02-11,97926,97926,PAID,CARD
PAY00000367,LN000062,2025-03-17,2025-03-16,17576,17576,PAID,CARD
PAY00000368,LN000062,2025-04-16,2025-04-14,17576,17576,PAID,NET_BANKING
PAY00000369,LN000062,2025-05-16,2025-05-19,17576,17576,LATE,NET_BANKING
PAY00000370,LN000062,2025-06-15,2025-06-30,17576,13538,PARTIAL,CARD
PAY00000371,LN000062,2025-07-15,2025-07-30,17576,17576,LATE,NET_BANKING
PAY00000372,LN000062,2025-08-14,2025-08-14,17576,17576,PAID,CASH
PAY00000373,LN000063,2025-10-22,2025-10-21,12982,12982,PAID,CARD
PAY00000374,LN000063,2025-11-21,2025-11-19,12982,12982,PAID,CASH
PAY00000375,LN000063,2025-12-21,2025-12-19,12982,12982,PAID,UPI
PAY00000376,LN000063,2026-01-20,2026-01-19,12982,12982,PAID,CARD
PAY00000377,LN000063,2026-02-19,2026-02-21,12982,12982,LATE,NET_BANKING
PAY00000378,LN000063,2026-03-21,2026-03-20,12982,12982,PAID,UPI
PAY00000379,LN000064,2026-01-29,2026-01-27,203946,203946,PAID,UPI
PAY00000380,LN000064,2026-02-28,2026-02-27,203946,203946,PAID,CARD
PAY00000381,LN000064,2026-03-30,2026-04-09,203946,107440,PARTIAL,CARD
PAY00000382,LN000064,2026-04-29,2026-04-29,203946,203946,PAID,CASH
PAY00000383,LN000064,2026-05-29,2026-06-13,203946,152538,PARTIAL,CARD
PAY00000384,LN000064,2026-06-28,2026-06-26,203946,203946,PAID,UPI
PAY00000385,LN000065,2025-05-13,2025-05-11,349133,349133,PAID,CASH
PAY00000386,LN000065,2025-06-12,2025-06-11,349133,349133,PAID,AUTO_DEBIT
PAY00000387,LN000065,2025-07-12,2025-07-12,349133,349133,PAID,CARD
PAY00000388,LN000065,2025-08-11,2025-08-09,349133,349133,PAID,NET_BANKING
PAY00000389,LN000065,2025-09-10,2025-09-13,349133,139670,PARTIAL,NET_BANKING
PAY00000390,LN000065,2025-10-10,2025-10-14,349133,349133,LATE,UPI
PAY00000391,LN000066,2025-08-03,2025-08-02,2000,2000,PAID,UPI
PAY00000392,LN000066,2025-09-02,2025-09-01,2000,2000,PAID,CASH
PAY00000393,LN000066,2025-10-02,2025-10-02,2000,2000,PAID,CARD
PAY00000394,LN000066,2025-11-01,2025-11-01,2000,2000,PAID,NET_BANKING
PAY00000395,LN000066,2025-12-01,2025-12-20,2000,1545,PARTIAL,NET_BANKING
PAY00000396,LN000066,2025-12-31,2025-12-31,2000,2000,PAID,NET_BANKING
PAY00000397,LN000067,2025-12-22,2025-12-21,17712,17712,PAID,AUTO_DEBIT
PAY00000398,LN000067,2026-01-21,2026-02-05,17712,17712,LATE,AUTO_DEBIT
PAY00000399,LN000067,2026-02-20,2026-02-20,17712,17712,PAID,NET_BANKING
PAY00000400,LN000067,2026-03-22,,17712,0,MISSED,
PAY00000401,LN000067,2026-04-21,2026-04-20,17712,17712,PAID,UPI
PAY00000402,LN000067,2026-05-21,2026-05-20,17712,17712,PAID,CASH
PAY00000403,LN000068,2025-12-01,2025-11-30,42222,42222,PAID,NET_BANKING
PAY00000404,LN000068,2025-12-31,2025-12-29,42222,42222,PAID,CARD
PAY00000405,LN000068,2026-01-30,2026-01-29,42222,42222,PAID,UPI
PAY00000406,LN000068,2026-03-01,2026-03-01,42222,42222,PAID,NET_BANKING
PAY00000407,LN000068,2026-03-31,2026-04-09,42222,26256,PARTIAL,CASH
PAY00000408,LN000068,2026-04-30,2026-05-07,42222,42222,LATE,UPI
PAY00000409,LN000069,2025-07-29,2025-07-28,18481,18481,PAID,UPI
PAY00000410,LN000069,2025-08-28,2025-08-28,18481,18481,PAID,CASH
PAY00000411,LN000069,2025-09-27,2025-10-07,18481,18481,LATE,AUTO_DEBIT
PAY00000412,LN000069,2025-10-27,2025-10-29,18481,5827,PARTIAL,NET_BANKING
PAY00000413,LN000069,2025-11-26,2025-11-25,18481,18481,PAID,CASH
PAY00000414,LN000069,2025-12-26,2025-12-24,18481,18481,PAID,CASH
PAY00000415,LN000070,2026-01-18,2026-01-17,117561,117561,PAID,CASH
PAY00000416,LN000070,2026-02-17,2026-02-17,117561,117561,PAID,UPI
PAY00000417,LN000070,2026-03-19,2026-03-30,117561,117561,LATE,AUTO_DEBIT
PAY00000418,LN000070,2026-04-18,2026-04-21,117561,82888,PARTIAL,CASH
PAY00000419,LN000070,2026-05-18,2026-05-17,117561,117561,PAID,NET_BANKING
PAY00000420,LN000070,2026-06-17,2026-06-16,117561,117561,PAID,AUTO_DEBIT
PAY00000421,LN000071,2025-11-19,2025-11-17,224647,224647,PAID,NET_BANKING
PAY00000422,LN000071,2025-12-19,2025-12-19,224647,224647,PAID,CASH
PAY00000423,LN000071,2026-01-18,2026-02-08,224647,224647,LATE,CASH
PAY00000424,LN000071,2026-02-17,,224647,0,MISSED,
PAY00000425,LN000071,2026-03-19,2026-03-17,224647,224647,PAID,CASH
PAY00000426,LN000071,2026-04-18,2026-04-28,224647,113723,PARTIAL,AUTO_DEBIT
PAY00000427,LN000072,2026-01-12,2026-01-10,35358,35358,PAID,AUTO_DEBIT
PAY00000428,LN000072,2026-02-11,2026-03-03,35358,20775,PARTIAL,CASH
PAY00000429,LN000072,2026-03-13,2026-03-29,35358,35358,LATE,CARD
PAY00000430,LN000072,2026-04-12,2026-05-02,35358,35358,LATE,NET_BANKING
PAY00000431,LN000072,2026-05-12,2026-05-19,35358,35358,LATE,UPI
PAY00000432,LN000072,2026-06-11,2026-06-10,35358,35358,PAID,UPI
PAY00000433,LN000073,2026-01-15,2026-01-13,49639,49639,PAID,CARD
PAY00000434,LN000073,2026-02-14,2026-02-13,49639,49639,PAID,AUTO_DEBIT
PAY00000435,LN000073,2026-03-16,2026-03-14,49639,49639,PAID,NET_BANKING
PAY00000436,LN000073,2026-04-15,2026-04-15,49639,49639,PAID,AUTO_DEBIT
PAY00000437,LN000073,2026-05-15,2026-05-15,49639,49639,PAID,AUTO_DEBIT
PAY00000438,LN000073,2026-06-14,2026-06-12,49639,49639,PAID,AUTO_DEBIT
PAY00000439,LN000074,2025-02-04,2025-02-03,102355,102355,PAID,AUTO_DEBIT
PAY00000440,LN000074,2025-03-06,2025-03-04,102355,102355,PAID,CASH
PAY00000441,LN000074,2025-04-05,,102355,0,MISSED,
PAY00000442,LN000074,2025-05-05,2025-05-12,102355,102355,LATE,AUTO_DEBIT
PAY00000443,LN000074,2025-06-04,2025-06-26,102355,102355,LATE,CARD
PAY00000444,LN000074,2025-07-04,2025-07-06,102355,65240,PARTIAL,CARD
PAY00000445,LN000075,2026-01-29,2026-01-27,123546,123546,PAID,AUTO_DEBIT
PAY00000446,LN000075,2026-02-28,2026-02-27,123546,123546,PAID,UPI
PAY00000447,LN000075,2026-03-30,2026-04-09,123546,123546,LATE,CASH
PAY00000448,LN000075,2026-04-29,2026-05-10,123546,123546,LATE,CASH
PAY00000449,LN000075,2026-05-29,2026-05-29,123546,123546,PAID,CASH
PAY00000450,LN000075,2026-06-28,2026-07-10,123546,123546,LATE,UPI
PAY00000451,LN000076,2025-09-23,2025-09-23,38472,38472,PAID,AUTO_DEBIT
PAY00000452,LN000076,2025-10-23,,38472,0,MISSED,
PAY00000453,LN000076,2025-11-22,2025-11-22,38472,38472,PAID,CASH
PAY00000454,LN000076,2025-12-22,2025-12-22,38472,38472,PAID,CASH
PAY00000455,LN000076,2026-01-21,2026-01-20,38472,38472,PAID,AUTO_DEBIT
PAY00000456,LN000076,2026-02-20,2026-03-01,38472,38472,LATE,CARD
PAY00000457,LN000077,2025-02-03,2025-02-15,25837,13464,PARTIAL,AUTO_DEBIT
PAY00000458,LN000077,2025-03-05,2025-03-04,25837,25837,PAID,NET_BANKING
PAY00000459,LN000077,2025-04-04,2025-04-04,25837,25837,PAID,NET_BANKING
PAY00000460,LN000077,2025-05-04,2025-05-19,25837,14303,PARTIAL,CARD
PAY00000461,LN000077,2025-06-03,2025-06-08,25837,9407,PARTIAL,CARD
PAY00000462,LN000077,2025-07-03,2025-07-20,25837,25837,LATE,AUTO_DEBIT
PAY00000463,LN000078,2025-12-01,2025-12-01,52920,52920,PAID,CASH
PAY00000464,LN000078,2025-12-31,2025-12-31,52920,52920,PAID,NET_BANKING
PAY00000465,LN000078,2026-01-30,2026-02-14,52920,52920,LATE,CARD
PAY00000466,LN000078,2026-03-01,2026-03-18,52920,52920,LATE,UPI
PAY00000467,LN000078,2026-03-31,2026-03-31,52920,52920,PAID,CASH
PAY00000468,LN000078,2026-04-30,2026-05-11,52920,28054,PARTIAL,UPI
PAY00000469,LN000079,2025-07-22,2025-08-15,276088,276088,LATE,AUTO_DEBIT
PAY00000470,LN000079,2025-08-21,2025-08-20,276088,276088,PAID,NET_BANKING
PAY00000471,LN000079,2025-09-20,2025-09-20,276088,276088,PAID,AUTO_DEBIT
PAY00000472,LN000079,2025-10-20,2025-10-19,276088,276088,PAID,CARD
PAY00000473,LN000079,2025-11-19,2025-11-18,276088,276088,PAID,NET_BANKING
PAY00000474,LN000079,2025-12-19,2025-12-19,276088,276088,PAID,UPI
PAY00000475,LN000080,2026-01-30,2026-01-30,31534,31534,PAID,NET_BANKING
PAY00000476,LN000080,2026-03-01,2026-02-27,31534,31534,PAID,AUTO_DEBIT
PAY00000477,LN000080,2026-03-31,2026-03-29,31534,31534,PAID,AUTO_DEBIT
PAY00000478,LN000080,2026-04-30,2026-04-30,31534,31534,PAID,UPI
PAY00000479,LN000080,2026-05-30,2026-05-29,31534,31534,PAID,CASH
PAY00000480,LN000080,2026-06-29,2026-06-29,31534,31534,PAID,UPI
PAY00000481,LN000081,2025-06-03,2025-06-03,51129,51129,PAID,CARD
PAY00000482,LN000081,2025-07-03,2025-07-02,51129,51129,PAID,CARD
PAY00000483,LN000081,2025-08-02,2025-07-31,51129,51129,PAID,CASH
PAY00000484,LN000081,2025-09-01,2025-08-30,51129,51129,PAID,CARD
PAY00000485,LN000081,2025-10-01,2025-09-30,51129,51129,PAID,AUTO_DEBIT
PAY00000486,LN000081,2025-10-31,2025-11-23,51129,51129,LATE,CASH
PAY00000487,LN000082,2026-01-14,2026-01-29,12603,7444,PARTIAL,UPI
PAY00000488,LN000082,2026-02-13,2026-03-08,12603,12603,LATE,CARD
PAY00000489,LN000082,2026-03-15,2026-03-14,12603,12603,PAID,CARD
PAY00000490,LN000082,2026-04-14,2026-04-14,12603,12603,PAID,NET_BANKING
PAY00000491,LN000082,2026-05-14,2026-06-03,12603,5102,PARTIAL,AUTO_DEBIT
PAY00000492,LN000082,2026-06-13,2026-06-11,12603,12603,PAID,AUTO_DEBIT
PAY00000493,LN000083,2025-06-12,2025-06-27,21833,11844,PARTIAL,UPI
PAY00000494,LN000083,2025-07-12,2025-07-11,21833,21833,PAID,CARD
PAY00000495,LN000083,2025-08-11,2025-08-11,21833,21833,PAID,AUTO_DEBIT
PAY00000496,LN000083,2025-09-10,2025-09-30,21833,21833,LATE,CASH
PAY00000497,LN000083,2025-10-10,2025-10-10,21833,21833,PAID,CARD
PAY00000498,LN000083,2025-11-09,2025-11-13,21833,21833,LATE,AUTO_DEBIT
PAY00000499,LN000084,2025-11-19,2025-11-18,277891,277891,PAID,CASH
PAY00000500,LN000084,2025-12-19,2025-12-17,277891,277891,PAID,CARD
PAY00000501,LN000084,2026-01-18,2026-01-18,277891,277891,PAID,CASH
PAY00000502,LN000084,2026-02-17,2026-02-16,277891,277891,PAID,CARD
PAY00000503,LN000084,2026-03-19,2026-03-19,277891,277891,PAID,CASH
PAY00000504,LN000084,2026-04-18,2026-04-17,277891,277891,PAID,CASH
PAY00000505,LN000085,2025-12-23,2025-12-23,44789,44789,PAID,NET_BANKING
PAY00000506,LN000085,2026-01-22,2026-01-22,44789,44789,PAID,CASH
PAY00000507,LN000085,2026-02-21,2026-02-25,44789,44789,LATE,CASH
PAY00000508,LN000085,2026-03-23,2026-03-22,44789,44789,PAID,CASH
PAY00000509,LN000085,2026-04-22,2026-04-21,44789,44789,PAID,NET_BANKING
PAY00000510,LN000085,2026-05-22,2026-05-21,44789,44789,PAID,UPI
PAY00000511,LN000086,2025-04-28,2025-05-18,23101,23101,LATE,CARD
PAY00000512,LN000086,2025-05-28,2025-05-26,23101,23101,PAID,UPI
PAY00000513,LN000086,2025-06-27,2025-06-27,23101,23101,PAID,CASH
PAY00000514,LN000086,2025-07-27,2025-07-28,23101,16268,PARTIAL,NET_BANKING
PAY00000515,LN000086,2025-08-26,2025-08-25,23101,23101,PAID,CARD
PAY00000516,LN000086,2025-09-25,2025-09-24,23101,23101,PAID,NET_BANKING
PAY00000517,LN000087,2025-09-29,2025-10-09,201321,119215,PARTIAL,AUTO_DEBIT
PAY00000518,LN000087,2025-10-29,2025-11-12,201321,137034,PARTIAL,AUTO_DEBIT
PAY00000519,LN000087,2025-11-28,,201321,0,MISSED,
PAY00000520,LN000087,2025-12-28,2025-12-26,201321,201321,PAID,CASH
PAY00000521,LN000087,2026-01-27,2026-01-27,201321,201321,PAID,AUTO_DEBIT
PAY00000522,LN000087,2026-02-26,2026-02-24,201321,201321,PAID,UPI
PAY00000523,LN000088,2025-07-21,2025-07-20,92443,92443,PAID,UPI
PAY00000524,LN000088,2025-08-20,2025-08-21,92443,36158,PARTIAL,CASH
PAY00000525,LN000088,2025-09-19,2025-09-18,92443,92443,PAID,CARD
PAY00000526,LN000088,2025-10-19,2025-10-18,92443,92443,PAID,CASH
PAY00000527,LN000088,2025-11-18,2025-11-18,92443,92443,PAID,CARD
PAY00000528,LN000088,2025-12-18,2025-12-16,92443,92443,PAID,CARD
PAY00000529,LN000089,2025-07-07,2025-07-06,88937,88937,PAID,NET_BANKING
PAY00000530,LN000089,2025-08-06,2025-08-04,88937,88937,PAID,NET_BANKING
PAY00000531,LN000089,2025-09-05,2025-09-05,88937,88937,PAID,UPI
PAY00000532,LN000089,2025-10-05,2025-10-04,88937,88937,PAID,CARD
PAY00000533,LN000089,2025-11-04,,88937,0,MISSED,
PAY00000534,LN000089,2025-12-04,2025-12-04,88937,88937,PAID,CARD
PAY00000535,LN000090,2025-06-30,2025-07-20,2000,1616,PARTIAL,CASH
PAY00000536,LN000090,2025-07-30,2025-07-28,2000,2000,PAID,CARD
PAY00000537,LN000090,2025-08-29,2025-08-28,2000,2000,PAID,CARD
PAY00000538,LN000090,2025-09-28,2025-09-28,2000,2000,PAID,CARD
PAY00000539,LN000090,2025-10-28,2025-10-26,2000,2000,PAID,CARD
PAY00000540,LN000090,2025-11-27,2025-12-05,2000,2000,LATE,CASH
PAY00000541,LN000091,2025-11-25,2025-12-14,12191,5731,PARTIAL,UPI
PAY00000542,LN000091,2025-12-25,2025-12-23,12191,12191,PAID,AUTO_DEBIT
PAY00000543,LN000091,2026-01-24,2026-01-23,12191,12191,PAID,UPI
PAY00000544,LN000091,2026-02-23,2026-02-21,12191,12191,PAID,CASH
PAY00000545,LN000091,2026-03-25,,12191,0,MISSED,
PAY00000546,LN000091,2026-04-24,,12191,0,MISSED,
PAY00000547,LN000092,2025-10-14,2025-10-14,23091,23091,PAID,CASH
PAY00000548,LN000092,2025-11-13,2025-11-16,23091,9170,PARTIAL,UPI
PAY00000549,LN000092,2025-12-13,2025-12-31,23091,23091,LATE,CASH
PAY00000550,LN000092,2026-01-12,2026-01-12,23091,23091,PAID,AUTO_DEBIT
PAY00000551,LN000092,2026-02-11,2026-02-11,23091,23091,PAID,CARD
PAY00000552,LN000092,2026-03-13,2026-03-12,23091,23091,PAID,CASH
PAY00000553,LN000093,2025-04-18,2025-04-17,3977,3977,PAID,AUTO_DEBIT
PAY00000554,LN000093,2025-05-18,2025-05-16,3977,3977,PAID,CASH
PAY00000555,LN000093,2025-06-17,2025-07-11,3977,3977,LATE,CASH
PAY00000556,LN000093,2025-07-17,2025-07-15,3977,3977,PAID,CARD
PAY00000557,LN000093,2025-08-16,2025-08-14,3977,3977,PAID,UPI
PAY00000558,LN000093,2025-09-15,2025-09-14,3977,3977,PAID,CASH
PAY00000559,LN000094,2025-09-22,2025-09-22,27345,27345,PAID,CASH
PAY00000560,LN000094,2025-10-22,2025-10-21,27345,27345,PAID,AUTO_DEBIT
PAY00000561,LN000094,2025-11-21,2025-11-20,27345,27345,PAID,AUTO_DEBIT
PAY00000562,LN000094,2025-12-21,2025-12-22,27345,19000,PARTIAL,CASH
PAY00000563,LN000094,2026-01-20,2026-01-18,27345,27345,PAID,NET_BANKING
PAY00000564,LN000094,2026-02-19,2026-02-18,27345,27345,PAID,NET_BANKING
PAY00000565,LN000095,2025-10-07,2025-10-23,38404,38404,LATE,NET_BANKING
PAY00000566,LN000095,2025-11-06,2025-11-08,38404,38404,LATE,AUTO_DEBIT
PAY00000567,LN000095,2025-12-06,,38404,0,MISSED,
PAY00000568,LN000095,2026-01-05,,38404,0,MISSED,
PAY00000569,LN000095,2026-02-04,2026-02-04,38404,38404,PAID,CARD
PAY00000570,LN000095,2026-03-06,2026-03-20,38404,38404,LATE,CARD
PAY00000571,LN000096,2025-02-02,2025-01-31,27019,27019,PAID,NET_BANKING
PAY00000572,LN000096,2025-03-04,2025-03-02,27019,27019,PAID,AUTO_DEBIT
PAY00000573,LN000096,2025-04-03,2025-04-02,27019,27019,PAID,UPI
PAY00000574,LN000096,2025-05-03,2025-05-02,27019,27019,PAID,CARD
PAY00000575,LN000096,2025-06-02,2025-06-01,27019,27019,PAID,CASH
PAY00000576,LN000096,2025-07-02,2025-06-30,27019,27019,PAID,CARD
PAY00000577,LN000097,2025-04-22,2025-04-21,95698,95698,PAID,UPI
PAY00000578,LN000097,2025-05-22,2025-05-21,95698,95698,PAID,CARD
PAY00000579,LN000097,2025-06-21,2025-06-19,95698,95698,PAID,UPI
PAY00000580,LN000097,2025-07-21,2025-07-19,95698,95698,PAID,AUTO_DEBIT
PAY00000581,LN000097,2025-08-20,,95698,0,MISSED,
PAY00000582,LN000097,2025-09-19,2025-09-17,95698,95698,PAID,AUTO_DEBIT
PAY00000583,LN000098,2025-09-10,2025-09-10,302603,302603,PAID,AUTO_DEBIT
PAY00000584,LN000098,2025-10-10,2025-10-09,302603,302603,PAID,CARD
PAY00000585,LN000098,2025-11-09,2025-12-03,302603,302603,LATE,NET_BANKING
PAY00000586,LN000098,2025-12-09,2025-12-28,302603,302603,LATE,NET_BANKING
PAY00000587,LN000098,2026-01-08,2026-01-06,302603,302603,PAID,NET_BANKING
PAY00000588,LN000098,2026-02-07,2026-02-07,302603,302603,PAID,UPI
PAY00000589,LN000099,2025-02-19,2025-02-19,13073,13073,PAID,CASH
PAY00000590,LN000099,2025-03-21,2025-03-20,13073,13073,PAID,AUTO_DEBIT
PAY00000591,LN000099,2025-04-20,2025-04-19,13073,13073,PAID,AUTO_DEBIT
PAY00000592,LN000099,2025-05-20,2025-05-20,13073,13073,PAID,CASH
PAY00000593,LN000099,2025-06-19,2025-06-17,13073,13073,PAID,NET_BANKING
PAY00000594,LN000099,2025-07-19,,13073,0,MISSED,
PAY00000595,LN000100,2025-10-29,2025-11-02,132247,132247,LATE,UPI
PAY00000596,LN000100,2025-11-28,2025-12-03,132247,62893,PARTIAL,CASH
PAY00000597,LN000100,2025-12-28,2026-01-03,132247,132247,LATE,UPI
PAY00000598,LN000100,2026-01-27,2026-02-05,132247,132247,LATE,AUTO_DEBIT
PAY00000599,LN000100,2026-02-26,2026-02-26,132247,132247,PAID,CARD
PAY00000600,LN000100,2026-03-28,2026-04-06,132247,94109,PARTIAL,AUTO_DEBIT
PAY00000601,LN000101,2025-07-26,2025-08-04,149975,149975,LATE,UPI
PAY00000602,LN000101,2025-08-25,2025-08-24,149975,149975,PAID,UPI
PAY00000603,LN000101,2025-09-24,2025-09-23,149975,149975,PAID,NET_BANKING
PAY00000604,LN000101,2025-10-24,2025-10-23,149975,149975,PAID,NET_BANKING
PAY00000605,LN000101,2025-11-23,2025-11-23,149975,149975,PAID,CARD
PAY00000606,LN000101,2025-12-23,2025-12-21,149975,149975,PAID,CARD
PAY00000607,LN000102,2025-02-23,2025-02-22,107221,107221,PAID,AUTO_DEBIT
PAY00000608,LN000102,2025-03-25,2025-03-25,107221,107221,PAID,UPI
PAY00000609,LN000102,2025-04-24,2025-04-23,107221,107221,PAID,CARD
PAY00000610,LN000102,2025-05-24,2025-05-23,107221,107221,PAID,NET_BANKING
PAY00000611,LN000102,2025-06-23,2025-06-23,107221,107221,PAID,UPI
PAY00000612,LN000102,2025-07-23,2025-07-22,107221,107221,PAID,NET_BANKING
PAY00000613,LN000103,2026-01-17,2026-02-05,2871,724,PARTIAL,CARD
PAY00000614,LN000103,2026-02-16,2026-02-15,2871,2871,PAID,UPI
PAY00000615,LN000103,2026-03-18,2026-03-18,2871,2871,PAID,CARD
PAY00000616,LN000103,2026-04-17,,2871,0,MISSED,
PAY00000617,LN000103,2026-05-17,2026-06-02,2871,2871,LATE,UPI
PAY00000618,LN000103,2026-06-16,2026-06-15,2871,2871,PAID,AUTO_DEBIT
PAY00000619,LN000104,2025-05-07,2025-05-05,8196,8196,PAID,UPI
PAY00000620,LN000104,2025-06-06,2025-06-05,8196,8196,PAID,UPI
PAY00000621,LN000104,2025-07-06,2025-07-31,8196,8196,LATE,AUTO_DEBIT
PAY00000622,LN000104,2025-08-05,2025-08-05,8196,8196,PAID,CASH
PAY00000623,LN000104,2025-09-04,2025-09-03,8196,8196,PAID,NET_BANKING
PAY00000624,LN000104,2025-10-04,2025-10-03,8196,8196,PAID,UPI
PAY00000625,LN000105,2025-05-25,2025-05-25,42809,42809,PAID,CARD
PAY00000626,LN000105,2025-06-24,2025-06-29,42809,42809,LATE,UPI
PAY00000627,LN000105,2025-07-24,2025-07-22,42809,42809,PAID,CASH
PAY00000628,LN000105,2025-08-23,2025-08-22,42809,42809,PAID,UPI
PAY00000629,LN000105,2025-09-22,2025-10-13,42809,42809,LATE,AUTO_DEBIT
PAY00000630,LN000105,2025-10-22,2025-10-21,42809,42809,PAID,UPI
PAY00000631,LN000106,2025-04-27,2025-04-25,261789,261789,PAID,UPI
PAY00000632,LN000106,2025-05-27,2025-05-27,261789,261789,PAID,CASH
PAY00000633,LN000106,2025-06-26,2025-06-24,261789,261789,PAID,CASH
PAY00000634,LN000106,2025-07-26,2025-07-24,261789,261789,PAID,NET_BANKING
PAY00000635,LN000106,2025-08-25,2025-08-27,261789,180968,PARTIAL,CARD
PAY00000636,LN000106,2025-09-24,2025-09-23,261789,261789,PAID,CASH
PAY00000637,LN000107,2025-12-24,2025-12-29,132744,132744,LATE,UPI
PAY00000638,LN000107,2026-01-23,2026-01-23,132744,132744,PAID,AUTO_DEBIT
PAY00000639,LN000107,2026-02-22,2026-02-26,132744,132744,LATE,CARD
PAY00000640,LN000107,2026-03-24,2026-03-22,132744,132744,PAID,UPI
PAY00000641,LN000107,2026-04-23,2026-04-27,132744,132744,LATE,UPI
PAY00000642,LN000107,2026-05-23,2026-05-21,132744,132744,PAID,NET_BANKING
PAY00000643,LN000108,2025-02-24,2025-02-23,75934,75934,PAID,CARD
PAY00000644,LN000108,2025-03-26,2025-03-24,75934,75934,PAID,CASH
PAY00000645,LN000108,2025-04-25,2025-04-24,75934,75934,PAID,NET_BANKING
PAY00000646,LN000108,2025-05-25,2025-06-13,75934,75934,LATE,NET_BANKING
PAY00000647,LN000108,2025-06-24,2025-06-24,75934,75934,PAID,AUTO_DEBIT
PAY00000648,LN000108,2025-07-24,2025-07-23,75934,75934,PAID,NET_BANKING
PAY00000649,LN000109,2025-03-31,2025-03-30,200283,200283,PAID,NET_BANKING
PAY00000650,LN000109,2025-04-30,2025-05-02,200283,66097,PARTIAL,CASH
PAY00000651,LN000109,2025-05-30,2025-05-30,200283,200283,PAID,UPI
PAY00000652,LN000109,2025-06-29,2025-07-02,200283,50833,PARTIAL,NET_BANKING
PAY00000653,LN000109,2025-07-29,2025-08-17,200283,156651,PARTIAL,CARD
PAY00000654,LN000109,2025-08-28,2025-09-22,200283,200283,LATE,CARD
PAY00000655,LN000110,2025-04-19,2025-04-17,74816,74816,PAID,AUTO_DEBIT
PAY00000656,LN000110,2025-05-19,2025-05-18,74816,74816,PAID,NET_BANKING
PAY00000657,LN000110,2025-06-18,2025-07-08,74816,49752,PARTIAL,CASH
PAY00000658,LN000110,2025-07-18,2025-07-17,74816,74816,PAID,CASH
PAY00000659,LN000110,2025-08-17,,74816,0,MISSED,
PAY00000660,LN000110,2025-09-16,2025-09-15,74816,74816,PAID,AUTO_DEBIT
PAY00000661,LN000111,2026-01-04,2026-01-04,254556,254556,PAID,UPI
PAY00000662,LN000111,2026-02-03,,254556,0,MISSED,
PAY00000663,LN000111,2026-03-05,,254556,0,MISSED,
PAY00000664,LN000111,2026-04-04,2026-04-02,254556,254556,PAID,CASH
PAY00000665,LN000111,2026-05-04,2026-05-02,254556,254556,PAID,NET_BANKING
PAY00000666,LN000111,2026-06-03,2026-06-03,254556,254556,PAID,UPI
PAY00000667,LN000112,2025-03-25,2025-04-10,91675,91675,LATE,CARD
PAY00000668,LN000112,2025-04-24,2025-04-22,91675,91675,PAID,UPI
PAY00000669,LN000112,2025-05-24,2025-05-23,91675,91675,PAID,AUTO_DEBIT
PAY00000670,LN000112,2025-06-23,2025-06-22,91675,91675,PAID,AUTO_DEBIT
PAY00000671,LN000112,2025-07-23,2025-07-22,91675,91675,PAID,UPI
PAY00000672,LN000112,2025-08-22,2025-08-22,91675,91675,PAID,CASH
PAY00000673,LN000113,2025-03-26,2025-04-11,52187,52187,LATE,CASH
PAY00000674,LN000113,2025-04-25,2025-04-25,52187,52187,PAID,CARD
PAY00000675,LN000113,2025-05-25,2025-05-24,52187,52187,PAID,CARD
PAY00000676,LN000113,2025-06-24,2025-06-22,52187,52187,PAID,AUTO_DEBIT
PAY00000677,LN000113,2025-07-24,2025-07-24,52187,52187,PAID,AUTO_DEBIT
PAY00000678,LN000113,2025-08-23,2025-08-23,52187,52187,PAID,CARD
PAY00000679,LN000114,2025-05-14,2025-05-14,22588,22588,PAID,UPI
PAY00000680,LN000114,2025-06-13,2025-06-12,22588,22588,PAID,UPI
PAY00000681,LN000114,2025-07-13,2025-07-18,22588,8576,PARTIAL,CASH
PAY00000682,LN000114,2025-08-12,2025-08-11,22588,22588,PAID,AUTO_DEBIT
PAY00000683,LN000114,2025-09-11,2025-09-09,22588,22588,PAID,NET_BANKING
PAY00000684,LN000114,2025-10-11,2025-10-10,22588,22588,PAID,NET_BANKING
PAY00000685,LN000115,2025-10-12,2025-10-10,107940,107940,PAID,UPI
PAY00000686,LN000115,2025-11-11,2025-11-11,107940,107940,PAID,CARD
PAY00000687,LN000115,2025-12-11,2025-12-11,107940,107940,PAID,AUTO_DEBIT
PAY00000688,LN000115,2026-01-10,2026-01-09,107940,107940,PAID,CASH
PAY00000689,LN000115,2026-02-09,2026-02-07,107940,107940,PAID,CASH
PAY00000690,LN000115,2026-03-11,2026-03-30,107940,89814,PARTIAL,NET_BANKING
PAY00000691,LN000116,2025-02-01,2025-02-17,10614,8144,PARTIAL,NET_BANKING
PAY00000692,LN000116,2025-03-03,2025-03-02,10614,10614,PAID,AUTO_DEBIT
PAY00000693,LN000116,2025-04-02,2025-04-01,10614,10614,PAID,NET_BANKING
PAY00000694,LN000116,2025-05-02,2025-05-01,10614,10614,PAID,CASH
PAY00000695,LN000116,2025-06-01,2025-05-30,10614,10614,PAID,NET_BANKING
PAY00000696,LN000116,2025-07-01,2025-07-02,10614,5314,PARTIAL,UPI
PAY00000697,LN000117,2026-01-08,2026-01-06,41351,41351,PAID,UPI
PAY00000698,LN000117,2026-02-07,2026-02-06,41351,41351,PAID,CARD
PAY00000699,LN000117,2026-03-09,2026-04-01,41351,41351,LATE,UPI
PAY00000700,LN000117,2026-04-08,2026-04-08,41351,41351,PAID,UPI
PAY00000701,LN000117,2026-05-08,2026-05-08,41351,41351,PAID,CARD
PAY00000702,LN000117,2026-06-07,,41351,0,MISSED,
PAY00000703,LN000118,2025-03-23,2025-03-21,117709,117709,PAID,UPI
PAY00000704,LN000118,2025-04-22,2025-04-20,117709,117709,PAID,AUTO_DEBIT
PAY00000705,LN000118,2025-05-22,2025-05-21,117709,117709,PAID,CASH
PAY00000706,LN000118,2025-06-21,2025-06-22,117709,117709,LATE,CARD
PAY00000707,LN000118,2025-07-21,2025-07-21,117709,117709,PAID,CARD
PAY00000708,LN000118,2025-08-20,2025-08-19,117709,117709,PAID,CARD
PAY00000709,LN000119,2025-07-01,2025-06-29,25087,25087,PAID,UPI
PAY00000710,LN000119,2025-07-31,2025-07-29,25087,25087,PAID,AUTO_DEBIT
PAY00000711,LN000119,2025-08-30,2025-08-29,25087,25087,PAID,CARD
PAY00000712,LN000119,2025-09-29,2025-10-22,25087,25087,LATE,CASH
PAY00000713,LN000119,2025-10-29,2025-10-29,25087,25087,PAID,UPI
PAY00000714,LN000119,2025-11-28,2025-11-27,25087,25087,PAID,UPI
PAY00000715,LN000120,2025-06-28,2025-07-10,75261,58913,PARTIAL,UPI
PAY00000716,LN000120,2025-07-28,2025-07-27,75261,75261,PAID,CASH
PAY00000717,LN000120,2025-08-27,2025-08-26,75261,75261,PAID,NET_BANKING
PAY00000718,LN000120,2025-09-26,2025-09-24,75261,75261,PAID,UPI
PAY00000719,LN000120,2025-10-26,2025-10-26,75261,75261,PAID,NET_BANKING
PAY00000720,LN000120,2025-11-25,,75261,0,MISSED,
PAY00000721,LN000121,2025-03-20,2025-03-19,26110,26110,PAID,CASH
PAY00000722,LN000121,2025-04-19,2025-04-26,26110,18326,PARTIAL,NET_BANKING
PAY00000723,LN000121,2025-05-19,2025-05-18,26110,26110,PAID,CASH
PAY00000724,LN000121,2025-06-18,2025-06-27,26110,26110,LATE,UPI
PAY00000725,LN000121,2025-07-18,2025-07-17,26110,26110,PAID,CARD
PAY00000726,LN000121,2025-08-17,2025-08-15,26110,26110,PAID,UPI
PAY00000727,LN000122,2026-01-05,2026-01-03,415126,415126,PAID,AUTO_DEBIT
PAY00000728,LN000122,2026-02-04,2026-02-03,415126,415126,PAID,UPI
PAY00000729,LN000122,2026-03-06,2026-03-05,415126,415126,PAID,UPI
PAY00000730,LN000122,2026-04-05,2026-04-05,415126,415126,PAID,AUTO_DEBIT
PAY00000731,LN000122,2026-05-05,,415126,0,MISSED,
PAY00000732,LN000122,2026-06-04,2026-06-04,415126,415126,PAID,AUTO_DEBIT
PAY00000733,LN000123,2025-06-17,2025-06-17,24571,24571,PAID,NET_BANKING
PAY00000734,LN000123,2025-07-17,2025-07-15,24571,24571,PAID,UPI
PAY00000735,LN000123,2025-08-16,2025-08-14,24571,24571,PAID,CASH
PAY00000736,LN000123,2025-09-15,2025-10-01,24571,11254,PARTIAL,CARD
PAY00000737,LN000123,2025-10-15,2025-10-16,24571,24571,LATE,AUTO_DEBIT
PAY00000738,LN000123,2025-11-14,2025-11-14,24571,24571,PAID,NET_BANKING
PAY00000739,LN000124,2025-08-24,2025-08-23,31230,31230,PAID,CARD
PAY00000740,LN000124,2025-09-23,2025-09-21,31230,31230,PAID,AUTO_DEBIT
PAY00000741,LN000124,2025-10-23,2025-10-21,31230,31230,PAID,CASH
PAY00000742,LN000124,2025-11-22,2025-12-07,31230,31230,LATE,CARD
PAY00000743,LN000124,2025-12-22,2025-12-22,31230,31230,PAID,AUTO_DEBIT
PAY00000744,LN000124,2026-01-21,2026-01-20,31230,31230,PAID,NET_BANKING
PAY00000745,LN000125,2025-10-02,,7276,0,MISSED,
PAY00000746,LN000125,2025-11-01,2025-11-03,7276,7276,LATE,NET_BANKING
PAY00000747,LN000125,2025-12-01,2025-11-30,7276,7276,PAID,NET_BANKING
PAY00000748,LN000125,2025-12-31,2025-12-31,7276,7276,PAID,CASH
PAY00000749,LN000125,2026-01-30,2026-01-30,7276,7276,PAID,NET_BANKING
PAY00000750,LN000125,2026-03-01,2026-03-01,7276,7276,PAID,UPI
PAY00000751,LN000126,2026-01-22,2026-01-21,119982,119982,PAID,AUTO_DEBIT
PAY00000752,LN000126,2026-02-21,2026-02-21,119982,119982,PAID,CASH
PAY00000753,LN000126,2026-03-23,2026-04-14,119982,119982,LATE,AUTO_DEBIT
PAY00000754,LN000126,2026-04-22,,119982,0,MISSED,
PAY00000755,LN000126,2026-05-22,2026-05-21,119982,119982,PAID,CASH
PAY00000756,LN000126,2026-06-21,,119982,0,MISSED,
PAY00000757,LN000127,2025-11-29,2025-11-29,140977,140977,PAID,CARD
PAY00000758,LN000127,2025-12-29,2026-01-03,140977,115414,PARTIAL,AUTO_DEBIT
PAY00000759,LN000127,2026-01-28,2026-01-26,140977,140977,PAID,CASH
PAY00000760,LN000127,2026-02-27,,140977,0,MISSED,
PAY00000761,LN000127,2026-03-29,2026-03-27,140977,140977,PAID,AUTO_DEBIT
PAY00000762,LN000127,2026-04-28,2026-04-27,140977,140977,PAID,CASH
PAY00000763,LN000128,2025-08-13,2025-09-06,12702,12702,LATE,CARD
PAY00000764,LN000128,2025-09-12,2025-09-12,12702,12702,PAID,CARD
PAY00000765,LN000128,2025-10-12,2025-10-17,12702,8342,PARTIAL,UPI
PAY00000766,LN000128,2025-11-11,2025-11-10,12702,12702,PAID,CASH
PAY00000767,LN000128,2025-12-11,2025-12-26,12702,12702,LATE,AUTO_DEBIT
PAY00000768,LN000128,2026-01-10,2026-01-10,12702,12702,PAID,CASH
PAY00000769,LN000129,2025-10-07,2025-10-07,160544,160544,PAID,AUTO_DEBIT
PAY00000770,LN000129,2025-11-06,2025-11-06,160544,160544,PAID,CASH
PAY00000771,LN000129,2025-12-06,2025-12-28,160544,160544,LATE,UPI
PAY00000772,LN000129,2026-01-05,,160544,0,MISSED,
PAY00000773,LN000129,2026-02-04,2026-02-03,160544,160544,PAID,AUTO_DEBIT
PAY00000774,LN000129,2026-03-06,2026-03-04,160544,160544,PAID,UPI
PAY00000775,LN000130,2026-01-01,2026-01-01,15257,15257,PAID,CARD
PAY00000776,LN000130,2026-01-31,2026-01-30,15257,15257,PAID,UPI
PAY00000777,LN000130,2026-03-02,2026-03-01,15257,15257,PAID,AUTO_DEBIT
PAY00000778,LN000130,2026-04-01,,15257,0,MISSED,
PAY00000779,LN000130,2026-05-01,2026-05-04,15257,5788,PARTIAL,CARD
PAY00000780,LN000130,2026-05-31,2026-06-14,15257,15257,LATE,CARD
PAY00000781,LN000131,2026-01-08,2026-01-22,98205,98205,LATE,CARD
PAY00000782,LN000131,2026-02-07,2026-02-05,98205,98205,PAID,CASH
PAY00000783,LN000131,2026-03-09,2026-03-09,98205,98205,PAID,AUTO_DEBIT
PAY00000784,LN000131,2026-04-08,2026-04-06,98205,98205,PAID,AUTO_DEBIT
PAY00000785,LN000131,2026-05-08,2026-05-06,98205,98205,PAID,CARD
PAY00000786,LN000131,2026-06-07,2026-06-06,98205,98205,PAID,AUTO_DEBIT
PAY00000787,LN000132,2025-06-07,2025-06-05,133824,133824,PAID,CASH
PAY00000788,LN000132,2025-07-07,2025-07-12,133824,133824,LATE,NET_BANKING
PAY00000789,LN000132,2025-08-06,2025-08-05,133824,133824,PAID,AUTO_DEBIT
PAY00000790,LN000132,2025-09-05,2025-09-05,133824,133824,PAID,AUTO_DEBIT
PAY00000791,LN000132,2025-10-05,2025-10-15,133824,133824,LATE,CARD
PAY00000792,LN000132,2025-11-04,2025-11-03,133824,133824,PAID,NET_BANKING
PAY00000793,LN000133,2025-11-12,2025-11-11,4312,4312,PAID,AUTO_DEBIT
PAY00000794,LN000133,2025-12-12,,4312,0,MISSED,
PAY00000795,LN000133,2026-01-11,2026-01-27,4312,4312,LATE,UPI
PAY00000796,LN000133,2026-02-10,2026-02-09,4312,4312,PAID,CARD
PAY00000797,LN000133,2026-03-12,2026-03-10,4312,4312,PAID,NET_BANKING
PAY00000798,LN000133,2026-04-11,2026-04-10,4312,4312,PAID,CARD
PAY00000799,LN000134,2025-04-21,2025-04-19,596589,596589,PAID,AUTO_DEBIT
PAY00000800,LN000134,2025-05-21,2025-05-19,596589,596589,PAID,CARD
PAY00000801,LN000134,2025-06-20,2025-07-06,596589,497886,PARTIAL,UPI
PAY00000802,LN000134,2025-07-20,2025-07-18,596589,596589,PAID,CASH
PAY00000803,LN000134,2025-08-19,2025-08-18,596589,596589,PAID,NET_BANKING
PAY00000804,LN000134,2025-09-18,2025-09-18,596589,596589,PAID,AUTO_DEBIT
PAY00000805,LN000135,2025-03-10,2025-03-22,11282,11282,LATE,NET_BANKING
PAY00000806,LN000135,2025-04-09,2025-04-08,11282,11282,PAID,CARD
PAY00000807,LN000135,2025-05-09,2025-05-08,11282,11282,PAID,UPI
PAY00000808,LN000135,2025-06-08,2025-06-06,11282,11282,PAID,UPI
PAY00000809,LN000135,2025-07-08,2025-07-06,11282,11282,PAID,NET_BANKING
PAY00000810,LN000135,2025-08-07,2025-08-27,11282,11282,LATE,NET_BANKING
PAY00000811,LN000136,2025-02-25,2025-03-07,12481,5153,PARTIAL,AUTO_DEBIT
PAY00000812,LN000136,2025-03-27,2025-03-25,12481,12481,PAID,AUTO_DEBIT
PAY00000813,LN000136,2025-04-26,2025-04-27,12481,12481,LATE,NET_BANKING
PAY00000814,LN000136,2025-05-26,2025-05-25,12481,12481,PAID,CARD
PAY00000815,LN000136,2025-06-25,2025-06-25,12481,12481,PAID,UPI
PAY00000816,LN000136,2025-07-25,2025-07-23,12481,12481,PAID,NET_BANKING
PAY00000817,LN000137,2025-05-31,2025-06-18,33493,33493,LATE,CASH
PAY00000818,LN000137,2025-06-30,2025-07-17,33493,33493,LATE,CASH
PAY00000819,LN000137,2025-07-30,2025-08-22,33493,33493,LATE,UPI
PAY00000820,LN000137,2025-08-29,2025-08-29,33493,33493,PAID,UPI
PAY00000821,LN000137,2025-09-28,2025-09-29,33493,33493,LATE,CARD
PAY00000822,LN000137,2025-10-28,2025-10-26,33493,33493,PAID,AUTO_DEBIT
PAY00000823,LN000138,2025-10-13,2025-10-11,25450,25450,PAID,CASH
PAY00000824,LN000138,2025-11-12,2025-11-23,25450,25450,LATE,NET_BANKING
PAY00000825,LN000138,2025-12-12,2025-12-13,25450,25450,LATE,UPI
PAY00000826,LN000138,2026-01-11,2026-01-09,25450,25450,PAID,NET_BANKING
PAY00000827,LN000138,2026-02-10,2026-02-20,25450,25450,LATE,NET_BANKING
PAY00000828,LN000138,2026-03-12,2026-03-12,25450,25450,PAID,CARD
PAY00000829,LN000139,2025-02-09,2025-02-12,11455,11455,LATE,UPI
PAY00000830,LN000139,2025-03-11,2025-04-05,11455,11455,LATE,CARD
PAY00000831,LN000139,2025-04-10,2025-04-10,11455,11455,PAID,UPI
PAY00000832,LN000139,2025-05-10,2025-05-27,11455,11455,LATE,CASH
PAY00000833,LN000139,2025-06-09,2025-06-09,11455,11455,PAID,AUTO_DEBIT
PAY00000834,LN000139,2025-07-09,2025-07-08,11455,11455,PAID,UPI
PAY00000835,LN000140,2025-12-06,2025-12-26,584411,584411,LATE,NET_BANKING
PAY00000836,LN000140,2026-01-05,2026-01-05,584411,584411,PAID,NET_BANKING
PAY00000837,LN000140,2026-02-04,2026-02-04,584411,584411,PAID,UPI
PAY00000838,LN000140,2026-03-06,2026-03-04,584411,584411,PAID,AUTO_DEBIT
PAY00000839,LN000140,2026-04-05,,584411,0,MISSED,
PAY00000840,LN000140,2026-05-05,2026-05-05,584411,584411,PAID,CASH
PAY00000841,LN000141,2025-09-21,2025-09-19,72231,72231,PAID,CASH
PAY00000842,LN000141,2025-10-21,2025-10-19,72231,72231,PAID,UPI
PAY00000843,LN000141,2025-11-20,2025-11-18,72231,72231,PAID,NET_BANKING
PAY00000844,LN000141,2025-12-20,,72231,0,MISSED,
PAY00000845,LN000141,2026-01-19,2026-01-17,72231,72231,PAID,UPI
PAY00000846,LN000141,2026-02-18,,72231,0,MISSED,
PAY00000847,LN000142,2025-09-20,2025-09-18,89327,89327,PAID,CARD
PAY00000848,LN000142,2025-10-20,2025-10-18,89327,89327,PAID,NET_BANKING
PAY00000849,LN000142,2025-11-19,2025-11-19,89327,89327,PAID,NET_BANKING
PAY00000850,LN000142,2025-12-19,2026-01-01,89327,89327,LATE,CARD
PAY00000851,LN000142,2026-01-18,2026-01-18,89327,89327,PAID,CARD
PAY00000852,LN000142,2026-02-17,2026-02-16,89327,89327,PAID,UPI
PAY00000853,LN000143,2025-08-05,2025-08-04,13771,13771,PAID,AUTO_DEBIT
PAY00000854,LN000143,2025-09-04,2025-09-22,13771,13771,LATE,UPI
PAY00000855,LN000143,2025-10-04,2025-10-03,13771,13771,PAID,UPI
PAY00000856,LN000143,2025-11-03,2025-11-02,13771,13771,PAID,CASH
PAY00000857,LN000143,2025-12-03,2025-12-25,13771,13771,LATE,CARD
PAY00000858,LN000143,2026-01-02,2026-01-01,13771,13771,PAID,AUTO_DEBIT
PAY00000859,LN000144,2025-07-31,2025-07-31,23399,23399,PAID,CARD
PAY00000860,LN000144,2025-08-30,2025-09-11,23399,8366,PARTIAL,CARD
PAY00000861,LN000144,2025-09-29,2025-09-28,23399,23399,PAID,CARD
PAY00000862,LN000144,2025-10-29,2025-10-27,23399,23399,PAID,UPI
PAY00000863,LN000144,2025-11-28,2025-11-27,23399,23399,PAID,CARD
PAY00000864,LN000144,2025-12-28,2026-01-01,23399,23399,LATE,NET_BANKING
PAY00000865,LN000145,2025-08-10,,78989,0,MISSED,
PAY00000866,LN000145,2025-09-09,2025-09-07,78989,78989,PAID,CARD
PAY00000867,LN000145,2025-10-09,2025-10-08,78989,78989,PAID,CARD
PAY00000868,LN000145,2025-11-08,2025-11-06,78989,78989,PAID,CASH
PAY00000869,LN000145,2025-12-08,2025-12-06,78989,78989,PAID,CARD
PAY00000870,LN000145,2026-01-07,2026-01-05,78989,78989,PAID,CASH
PAY00000871,LN000146,2025-08-28,,61048,0,MISSED,
PAY00000872,LN000146,2025-09-27,2025-09-27,61048,61048,PAID,CARD
PAY00000873,LN000146,2025-10-27,2025-10-26,61048,61048,PAID,CARD
PAY00000874,LN000146,2025-11-26,2025-11-24,61048,61048,PAID,NET_BANKING
PAY00000875,LN000146,2025-12-26,2025-12-24,61048,61048,PAID,UPI
PAY00000876,LN000146,2026-01-25,2026-02-10,61048,61048,LATE,UPI
PAY00000877,LN000147,2025-08-20,2025-08-18,158725,158725,PAID,AUTO_DEBIT
PAY00000878,LN000147,2025-09-19,2025-09-17,158725,158725,PAID,CASH
PAY00000879,LN000147,2025-10-19,2025-10-19,158725,158725,PAID,CASH
PAY00000880,LN000147,2025-11-18,2025-12-03,158725,158725,LATE,NET_BANKING
PAY00000881,LN000147,2025-12-18,2025-12-17,158725,158725,PAID,CARD
PAY00000882,LN000147,2026-01-17,2026-01-15,158725,158725,PAID,AUTO_DEBIT
PAY00000883,LN000148,2025-03-27,2025-03-27,155784,155784,PAID,UPI
PAY00000884,LN000148,2025-04-26,,155784,0,MISSED,
PAY00000885,LN000148,2025-05-26,2025-05-30,155784,74804,PARTIAL,AUTO_DEBIT
PAY00000886,LN000148,2025-06-25,2025-07-10,155784,81910,PARTIAL,UPI
PAY00000887,LN000148,2025-07-25,2025-07-23,155784,155784,PAID,AUTO_DEBIT
PAY00000888,LN000148,2025-08-24,2025-08-30,155784,84884,PARTIAL,NET_BANKING
PAY00000889,LN000149,2025-09-18,2025-09-18,119653,119653,PAID,CASH
PAY00000890,LN000149,2025-10-18,2025-10-16,119653,119653,PAID,CASH
PAY00000891,LN000149,2025-11-17,2025-12-06,119653,119653,LATE,CARD
PAY00000892,LN000149,2025-12-17,2025-12-17,119653,119653,PAID,CASH
PAY00000893,LN000149,2026-01-16,2026-01-15,119653,119653,PAID,CARD
PAY00000894,LN000149,2026-02-15,2026-02-14,119653,119653,PAID,CASH
PAY00000895,LN000150,2025-02-02,2025-02-12,41629,41629,LATE,AUTO_DEBIT
PAY00000896,LN000150,2025-03-04,2025-03-02,41629,41629,PAID,UPI
PAY00000897,LN000150,2025-04-03,2025-04-02,41629,41629,PAID,AUTO_DEBIT
PAY00000898,LN000150,2025-05-03,2025-05-22,41629,41629,LATE,UPI
PAY00000899,LN000150,2025-06-02,2025-06-23,41629,41629,LATE,AUTO_DEBIT
PAY00000900,LN000150,2025-07-02,2025-07-01,41629,41629,PAID,AUTO_DEBIT
PAY00000901,LN000151,2025-10-05,2025-10-05,12407,12407,PAID,NET_BANKING
PAY00000902,LN000151,2025-11-04,2025-11-02,12407,12407,PAID,AUTO_DEBIT
PAY00000903,LN000151,2025-12-04,2025-12-02,12407,12407,PAID,UPI
PAY00000904,LN000151,2026-01-03,2026-01-07,12407,5614,PARTIAL,UPI
PAY00000905,LN000151,2026-02-02,2026-02-02,12407,12407,PAID,CARD
PAY00000906,LN000151,2026-03-04,2026-03-03,12407,12407,PAID,CASH
PAY00000907,LN000152,2025-04-29,2025-04-29,190617,190617,PAID,CARD
PAY00000908,LN000152,2025-05-29,2025-05-28,190617,190617,PAID,CARD
PAY00000909,LN000152,2025-06-28,2025-06-27,190617,190617,PAID,CASH
PAY00000910,LN000152,2025-07-28,2025-07-27,190617,190617,PAID,UPI
PAY00000911,LN000152,2025-08-27,2025-09-03,190617,190617,LATE,AUTO_DEBIT
PAY00000912,LN000152,2025-09-26,2025-09-24,190617,190617,PAID,AUTO_DEBIT
PAY00000913,LN000153,2025-12-07,2025-12-06,22374,22374,PAID,NET_BANKING
PAY00000914,LN000153,2026-01-06,2026-01-06,22374,22374,PAID,CASH
PAY00000915,LN000153,2026-02-05,2026-02-04,22374,22374,PAID,UPI
PAY00000916,LN000153,2026-03-07,2026-03-05,22374,22374,PAID,CARD
PAY00000917,LN000153,2026-04-06,2026-04-26,22374,22374,LATE,UPI
PAY00000918,LN000153,2026-05-06,2026-05-25,22374,22374,LATE,UPI
PAY00000919,LN000154,2025-12-08,2025-12-06,34553,34553,PAID,CASH
PAY00000920,LN000154,2026-01-07,2026-01-07,34553,34553,PAID,AUTO_DEBIT
PAY00000921,LN000154,2026-02-06,2026-02-27,34553,34553,LATE,AUTO_DEBIT
PAY00000922,LN000154,2026-03-08,2026-03-07,34553,34553,PAID,CARD
PAY00000923,LN000154,2026-04-07,2026-04-06,34553,34553,PAID,NET_BANKING
PAY00000924,LN000154,2026-05-07,2026-05-06,34553,34553,PAID,CASH
PAY00000925,LN000155,2025-07-25,2025-07-23,35732,35732,PAID,NET_BANKING
PAY00000926,LN000155,2025-08-24,2025-09-10,35732,27428,PARTIAL,CASH
PAY00000927,LN000155,2025-09-23,2025-09-21,35732,35732,PAID,CARD
PAY00000928,LN000155,2025-10-23,2025-10-21,35732,35732,PAID,CASH
PAY00000929,LN000155,2025-11-22,2025-12-17,35732,35732,LATE,CARD
PAY00000930,LN000155,2025-12-22,2025-12-24,35732,20130,PARTIAL,AUTO_DEBIT
PAY00000931,LN000156,2025-12-05,2025-12-03,157788,157788,PAID,AUTO_DEBIT
PAY00000932,LN000156,2026-01-04,2026-01-18,157788,157788,LATE,AUTO_DEBIT
PAY00000933,LN000156,2026-02-03,2026-02-06,157788,99462,PARTIAL,CARD
PAY00000934,LN000156,2026-03-05,2026-03-04,157788,157788,PAID,NET_BANKING
PAY00000935,LN000156,2026-04-04,2026-04-02,157788,157788,PAID,NET_BANKING
PAY00000936,LN000156,2026-05-04,2026-05-04,157788,157788,PAID,NET_BANKING
PAY00000937,LN000157,2025-11-07,2025-11-06,109926,109926,PAID,CARD
PAY00000938,LN000157,2025-12-07,2025-12-06,109926,109926,PAID,CARD
PAY00000939,LN000157,2026-01-06,2026-01-06,109926,109926,PAID,NET_BANKING
PAY00000940,LN000157,2026-02-05,2026-02-05,109926,109926,PAID,UPI
PAY00000941,LN000157,2026-03-07,2026-03-06,109926,109926,PAID,CASH
PAY00000942,LN000157,2026-04-06,2026-04-06,109926,109926,PAID,CARD
PAY00000943,LN000158,2025-12-16,2025-12-16,66113,66113,PAID,AUTO_DEBIT
PAY00000944,LN000158,2026-01-15,2026-01-15,66113,66113,PAID,CARD
PAY00000945,LN000158,2026-02-14,2026-02-17,66113,32272,PARTIAL,NET_BANKING
PAY00000946,LN000158,2026-03-16,2026-03-14,66113,66113,PAID,CASH
PAY00000947,LN000158,2026-04-15,2026-05-02,66113,42876,PARTIAL,CASH
PAY00000948,LN000158,2026-05-15,,66113,0,MISSED,
PAY00000949,LN000159,2025-12-29,2025-12-29,175564,175564,PAID,NET_BANKING
PAY00000950,LN000159,2026-01-28,2026-01-27,175564,175564,PAID,AUTO_DEBIT
PAY00000951,LN000159,2026-02-27,2026-03-23,175564,175564,LATE,CARD
PAY00000952,LN000159,2026-03-29,2026-04-22,175564,175564,LATE,NET_BANKING
PAY00000953,LN000159,2026-04-28,2026-05-05,175564,59089,PARTIAL,NET_BANKING
PAY00000954,LN000159,2026-05-28,2026-05-27,175564,175564,PAID,CARD
PAY00000955,LN000160,2025-07-30,2025-08-01,52671,28664,PARTIAL,AUTO_DEBIT
PAY00000956,LN000160,2025-08-29,2025-09-02,52671,52671,LATE,AUTO_DEBIT
PAY00000957,LN000160,2025-09-28,2025-09-27,52671,52671,PAID,NET_BANKING
PAY00000958,LN000160,2025-10-28,,52671,0,MISSED,
PAY00000959,LN000160,2025-11-27,2025-12-02,52671,24639,PARTIAL,AUTO_DEBIT
PAY00000960,LN000160,2025-12-27,2025-12-28,52671,52671,LATE,CASH
PAY00000961,LN000161,2025-10-31,2025-11-02,12114,12114,LATE,NET_BANKING
PAY00000962,LN000161,2025-11-30,2025-11-29,12114,12114,PAID,AUTO_DEBIT
PAY00000963,LN000161,2025-12-30,2025-12-28,12114,12114,PAID,AUTO_DEBIT
PAY00000964,LN000161,2026-01-29,2026-02-02,12114,6916,PARTIAL,NET_BANKING
PAY00000965,LN000161,2026-02-28,2026-03-13,12114,3085,PARTIAL,CARD
PAY00000966,LN000161,2026-03-30,2026-04-08,12114,5215,PARTIAL,NET_BANKING
PAY00000967,LN000162,2025-02-12,2025-02-18,508171,406300,PARTIAL,AUTO_DEBIT
PAY00000968,LN000162,2025-03-14,2025-03-28,508171,367707,PARTIAL,AUTO_DEBIT
PAY00000969,LN000162,2025-04-13,2025-04-29,508171,270679,PARTIAL,CARD
PAY00000970,LN000162,2025-05-13,2025-05-24,508171,345775,PARTIAL,UPI
PAY00000971,LN000162,2025-06-12,2025-07-05,508171,508171,LATE,AUTO_DEBIT
PAY00000972,LN000162,2025-07-12,2025-07-11,508171,508171,PAID,CARD
PAY00000973,LN000163,2025-04-23,2025-05-17,173797,173797,LATE,AUTO_DEBIT
PAY00000974,LN000163,2025-05-23,2025-05-23,173797,173797,PAID,UPI
PAY00000975,LN000163,2025-06-22,2025-06-22,173797,173797,PAID,CARD
PAY00000976,LN000163,2025-07-22,2025-07-27,173797,173797,LATE,UPI
PAY00000977,LN000163,2025-08-21,2025-08-19,173797,173797,PAID,AUTO_DEBIT
PAY00000978,LN000163,2025-09-20,2025-09-20,173797,173797,PAID,UPI
PAY00000979,LN000164,2026-01-19,2026-01-17,191002,191002,PAID,NET_BANKING
PAY00000980,LN000164,2026-02-18,2026-03-12,191002,191002,LATE,CARD
PAY00000981,LN000164,2026-03-20,2026-03-31,191002,191002,LATE,CARD
PAY00000982,LN000164,2026-04-19,2026-04-17,191002,191002,PAID,NET_BANKING
PAY00000983,LN000164,2026-05-19,2026-05-17,191002,191002,PAID,CASH
PAY00000984,LN000164,2026-06-18,2026-06-28,191002,191002,LATE,NET_BANKING
PAY00000985,LN000165,2025-09-19,2025-09-18,385506,385506,PAID,CARD
PAY00000986,LN000165,2025-10-19,,385506,0,MISSED,
PAY00000987,LN000165,2025-11-18,2025-11-26,385506,101172,PARTIAL,UPI
PAY00000988,LN000165,2025-12-18,2026-01-07,385506,241317,PARTIAL,UPI
PAY00000989,LN000165,2026-01-17,,385506,0,MISSED,
PAY00000990,LN000165,2026-02-16,2026-02-14,385506,385506,PAID,NET_BANKING
PAY00000991,LN000166,2025-11-14,2025-11-12,45924,45924,PAID,AUTO_DEBIT
PAY00000992,LN000166,2025-12-14,2025-12-13,45924,45924,PAID,NET_BANKING
PAY00000993,LN000166,2026-01-13,,45924,0,MISSED,
PAY00000994,LN000166,2026-02-12,2026-02-10,45924,45924,PAID,CASH
PAY00000995,LN000166,2026-03-14,2026-03-13,45924,45924,PAID,CARD
PAY00000996,LN000166,2026-04-13,2026-04-11,45924,45924,PAID,NET_BANKING
PAY00000997,LN000167,2025-02-24,2025-03-05,13838,5850,PARTIAL,CARD
PAY00000998,LN000167,2025-03-26,2025-03-25,13838,13838,PAID,NET_BANKING
PAY00000999,LN000167,2025-04-25,2025-04-24,13838,13838,PAID,NET_BANKING
PAY00001000,LN000167,2025-05-25,2025-05-24,13838,13838,PAID,NET_BANKING
PAY00001001,LN000167,2025-06-24,2025-06-23,13838,13838,PAID,NET_BANKING
PAY00001002,LN000167,2025-07-24,2025-07-24,13838,13838,PAID,AUTO_DEBIT
PAY00001003,LN000168,2025-02-27,2025-02-27,15505,15505,PAID,UPI
PAY00001004,LN000168,2025-03-29,2025-03-28,15505,15505,PAID,CARD
PAY00001005,LN000168,2025-04-28,2025-05-21,15505,15505,LATE,CARD
PAY00001006,LN000168,2025-05-28,2025-06-21,15505,15505,LATE,CASH
PAY00001007,LN000168,2025-06-27,2025-06-27,15505,15505,PAID,CASH
PAY00001008,LN000168,2025-07-27,2025-07-26,15505,15505,PAID,NET_BANKING
PAY00001009,LN000169,2025-12-21,2025-12-19,7435,7435,PAID,CASH
PAY00001010,LN000169,2026-01-20,2026-01-22,7435,7435,LATE,UPI
PAY00001011,LN000169,2026-02-19,2026-02-17,7435,7435,PAID,CARD
PAY00001012,LN000169,2026-03-21,2026-03-20,7435,7435,PAID,AUTO_DEBIT
PAY00001013,LN000169,2026-04-20,2026-04-18,7435,7435,PAID,UPI
PAY00001014,LN000169,2026-05-20,2026-05-19,7435,7435,PAID,NET_BANKING
PAY00001015,LN000170,2025-05-10,2025-05-25,155171,51074,PARTIAL,AUTO_DEBIT
PAY00001016,LN000170,2025-06-09,2025-06-23,155171,155171,LATE,NET_BANKING
PAY00001017,LN000170,2025-07-09,2025-07-08,155171,155171,PAID,UPI
PAY00001018,LN000170,2025-08-08,,155171,0,MISSED,
PAY00001019,LN000170,2025-09-07,2025-09-06,155171,155171,PAID,AUTO_DEBIT
PAY00001020,LN000170,2025-10-07,2025-10-17,155171,122845,PARTIAL,AUTO_DEBIT
PAY00001021,LN000171,2025-04-29,2025-05-08,44448,44448,LATE,CASH
PAY00001022,LN000171,2025-05-29,2025-05-29,44448,44448,PAID,AUTO_DEBIT
PAY00001023,LN000171,2025-06-28,2025-07-14,44448,44448,LATE,NET_BANKING
PAY00001024,LN000171,2025-07-28,2025-07-26,44448,44448,PAID,CARD
PAY00001025,LN000171,2025-08-27,2025-08-27,44448,44448,PAID,UPI
PAY00001026,LN000171,2025-09-26,2025-09-26,44448,44448,PAID,CARD
PAY00001027,LN000172,2025-11-11,2025-11-25,11799,11799,LATE,UPI
PAY00001028,LN000172,2025-12-11,,11799,0,MISSED,
PAY00001029,LN000172,2026-01-10,2026-01-12,11799,6075,PARTIAL,CASH
PAY00001030,LN000172,2026-02-09,2026-02-08,11799,11799,PAID,UPI
PAY00001031,LN000172,2026-03-11,2026-03-16,11799,11799,LATE,UPI
PAY00001032,LN000172,2026-04-10,2026-04-10,11799,11799,PAID,AUTO_DEBIT
PAY00001033,LN000173,2025-09-26,2025-09-24,26140,26140,PAID,AUTO_DEBIT
PAY00001034,LN000173,2025-10-26,2025-10-24,26140,26140,PAID,CASH
PAY00001035,LN000173,2025-11-25,2025-11-25,26140,26140,PAID,CASH
PAY00001036,LN000173,2025-12-25,2025-12-31,26140,26140,LATE,CARD
PAY00001037,LN000173,2026-01-24,2026-02-01,26140,18584,PARTIAL,UPI
PAY00001038,LN000173,2026-02-23,2026-02-24,26140,10993,PARTIAL,UPI
PAY00001039,LN000174,2025-12-02,2025-12-02,57196,57196,PAID,AUTO_DEBIT
PAY00001040,LN000174,2026-01-01,2026-01-01,57196,57196,PAID,CARD
PAY00001041,LN000174,2026-01-31,2026-02-22,57196,57196,LATE,CARD
PAY00001042,LN000174,2026-03-02,2026-03-01,57196,57196,PAID,CASH
PAY00001043,LN000174,2026-04-01,2026-03-31,57196,57196,PAID,UPI
PAY00001044,LN000174,2026-05-01,2026-04-30,57196,57196,PAID,AUTO_DEBIT
PAY00001045,LN000175,2025-11-20,,115240,0,MISSED,
PAY00001046,LN000175,2025-12-20,2026-01-08,115240,37751,PARTIAL,UPI
PAY00001047,LN000175,2026-01-19,2026-01-29,115240,115240,LATE,AUTO_DEBIT
PAY00001048,LN000175,2026-02-18,2026-03-14,115240,115240,LATE,UPI
PAY00001049,LN000175,2026-03-20,2026-03-18,115240,115240,PAID,CARD
PAY00001050,LN000175,2026-04-19,2026-04-18,115240,115240,PAID,NET_BANKING
PAY00001051,LN000176,2025-05-05,2025-05-18,30117,30117,LATE,UPI
PAY00001052,LN000176,2025-06-04,2025-06-04,30117,30117,PAID,NET_BANKING
PAY00001053,LN000176,2025-07-04,2025-07-03,30117,30117,PAID,AUTO_DEBIT
PAY00001054,LN000176,2025-08-03,2025-08-01,30117,30117,PAID,NET_BANKING
PAY00001055,LN000176,2025-09-02,2025-09-01,30117,30117,PAID,CARD
PAY00001056,LN000176,2025-10-02,2025-10-12,30117,30117,LATE,CASH
PAY00001057,LN000177,2025-11-01,2025-10-31,151793,151793,PAID,CASH
PAY00001058,LN000177,2025-12-01,2025-11-30,151793,151793,PAID,CARD
PAY00001059,LN000177,2025-12-31,2025-12-29,151793,151793,PAID,CASH
PAY00001060,LN000177,2026-01-30,2026-01-29,151793,151793,PAID,AUTO_DEBIT
PAY00001061,LN000177,2026-03-01,2026-02-28,151793,151793,PAID,CARD
PAY00001062,LN000177,2026-03-31,2026-03-29,151793,151793,PAID,AUTO_DEBIT
PAY00001063,LN000178,2025-07-19,2025-07-17,42458,42458,PAID,NET_BANKING
PAY00001064,LN000178,2025-08-18,2025-09-04,42458,26652,PARTIAL,CASH
PAY00001065,LN000178,2025-09-17,2025-09-16,42458,42458,PAID,CARD
PAY00001066,LN000178,2025-10-17,2025-10-16,42458,42458,PAID,AUTO_DEBIT
PAY00001067,LN000178,2025-11-16,2025-11-16,42458,42458,PAID,AUTO_DEBIT
PAY00001068,LN000178,2025-12-16,2026-01-02,42458,42458,LATE,CARD
PAY00001069,LN000179,2025-12-29,2025-12-29,11306,11306,PAID,UPI
PAY00001070,LN000179,2026-01-28,2026-01-26,11306,11306,PAID,CARD
PAY00001071,LN000179,2026-02-27,2026-02-26,11306,11306,PAID,CASH
PAY00001072,LN000179,2026-03-29,2026-04-10,11306,11306,LATE,AUTO_DEBIT
PAY00001073,LN000179,2026-04-28,2026-04-26,11306,11306,PAID,UPI
PAY00001074,LN000179,2026-05-28,2026-05-26,11306,11306,PAID,CARD
PAY00001075,LN000180,2025-12-25,2025-12-24,2862,2862,PAID,UPI
PAY00001076,LN000180,2026-01-24,2026-01-22,2862,2862,PAID,AUTO_DEBIT
PAY00001077,LN000180,2026-02-23,2026-02-21,2862,2862,PAID,CARD
PAY00001078,LN000180,2026-03-25,2026-04-09,2862,2862,LATE,CASH
PAY00001079,LN000180,2026-04-24,2026-05-05,2862,2862,LATE,NET_BANKING
PAY00001080,LN000180,2026-05-24,2026-05-24,2862,2862,PAID,CASH
PAY00001081,LN000181,2025-07-14,2025-07-13,368317,368317,PAID,CASH
PAY00001082,LN000181,2025-08-13,2025-08-12,368317,368317,PAID,UPI
PAY00001083,LN000181,2025-09-12,2025-09-10,368317,368317,PAID,CARD
PAY00001084,LN000181,2025-10-12,2025-10-11,368317,368317,PAID,CASH
PAY00001085,LN000181,2025-11-11,2025-11-21,368317,368317,LATE,CASH
PAY00001086,LN000181,2025-12-11,2025-12-31,368317,368317,LATE,AUTO_DEBIT
PAY00001087,LN000182,2025-11-03,,33572,0,MISSED,
PAY00001088,LN000182,2025-12-03,2025-12-02,33572,33572,PAID,UPI
PAY00001089,LN000182,2026-01-02,2026-01-02,33572,33572,PAID,NET_BANKING
PAY00001090,LN000182,2026-02-01,2026-02-01,33572,33572,PAID,NET_BANKING
PAY00001091,LN000182,2026-03-03,2026-03-10,33572,18084,PARTIAL,NET_BANKING
PAY00001092,LN000182,2026-04-02,2026-04-01,33572,33572,PAID,CASH
PAY00001093,LN000183,2025-10-18,2025-10-17,18849,18849,PAID,NET_BANKING
PAY00001094,LN000183,2025-11-17,2025-11-17,18849,18849,PAID,UPI
PAY00001095,LN000183,2025-12-17,2025-12-17,18849,18849,PAID,CARD
PAY00001096,LN000183,2026-01-16,,18849,0,MISSED,
PAY00001097,LN000183,2026-02-15,2026-02-14,18849,18849,PAID,CASH
PAY00001098,LN000183,2026-03-17,2026-03-16,18849,18849,PAID,CASH
PAY00001099,LN000184,2025-03-14,2025-03-13,67056,67056,PAID,UPI
PAY00001100,LN000184,2025-04-13,2025-04-11,67056,67056,PAID,CARD
PAY00001101,LN000184,2025-05-13,,67056,0,MISSED,
PAY00001102,LN000184,2025-06-12,2025-07-06,67056,67056,LATE,CASH
PAY00001103,LN000184,2025-07-12,2025-07-10,67056,67056,PAID,AUTO_DEBIT
PAY00001104,LN000184,2025-08-11,2025-08-10,67056,67056,PAID,CARD
PAY00001105,LN000185,2025-05-18,2025-06-09,431083,431083,LATE,CARD
PAY00001106,LN000185,2025-06-17,2025-06-17,431083,431083,PAID,CASH
PAY00001107,LN000185,2025-07-17,2025-07-15,431083,431083,PAID,AUTO_DEBIT
PAY00001108,LN000185,2025-08-16,2025-08-15,431083,431083,PAID,CARD
PAY00001109,LN000185,2025-09-15,2025-09-19,431083,235747,PARTIAL,AUTO_DEBIT
PAY00001110,LN000185,2025-10-15,2025-10-14,431083,431083,PAID,UPI
PAY00001111,LN000186,2025-05-16,2025-06-01,20357,20357,LATE,AUTO_DEBIT
PAY00001112,LN000186,2025-06-15,2025-06-13,20357,20357,PAID,NET_BANKING
PAY00001113,LN000186,2025-07-15,2025-07-13,20357,20357,PAID,AUTO_DEBIT
PAY00001114,LN000186,2025-08-14,2025-08-29,20357,6691,PARTIAL,AUTO_DEBIT
PAY00001115,LN000186,2025-09-13,2025-09-26,20357,20357,LATE,CARD
PAY00001116,LN000186,2025-10-13,2025-11-04,20357,20357,LATE,AUTO_DEBIT
PAY00001117,LN000187,2025-03-08,2025-03-14,31048,31048,LATE,CASH
PAY00001118,LN000187,2025-04-07,2025-04-05,31048,31048,PAID,UPI
PAY00001119,LN000187,2025-05-07,2025-05-07,31048,31048,PAID,NET_BANKING
PAY00001120,LN000187,2025-06-06,2025-06-04,31048,31048,PAID,CARD
PAY00001121,LN000187,2025-07-06,2025-07-05,31048,31048,PAID,CARD
PAY00001122,LN000187,2025-08-05,2025-08-05,31048,31048,PAID,CASH
PAY00001123,LN000188,2025-02-19,2025-02-18,19054,19054,PAID,AUTO_DEBIT
PAY00001124,LN000188,2025-03-21,2025-03-21,19054,19054,PAID,CASH
PAY00001125,LN000188,2025-04-20,2025-04-20,19054,19054,PAID,AUTO_DEBIT
PAY00001126,LN000188,2025-05-20,2025-05-18,19054,19054,PAID,NET_BANKING
PAY00001127,LN000188,2025-06-19,2025-06-19,19054,19054,PAID,CARD
PAY00001128,LN000188,2025-07-19,2025-07-18,19054,19054,PAID,AUTO_DEBIT
PAY00001129,LN000189,2025-11-21,2025-12-09,87728,87728,LATE,AUTO_DEBIT
PAY00001130,LN000189,2025-12-21,2026-01-07,87728,53739,PARTIAL,UPI
PAY00001131,LN000189,2026-01-20,2026-02-04,87728,87728,LATE,CARD
PAY00001132,LN000189,2026-02-19,,87728,0,MISSED,
PAY00001133,LN000189,2026-03-21,2026-03-25,87728,87728,LATE,CASH
PAY00001134,LN000189,2026-04-20,2026-04-20,87728,87728,PAID,CASH
PAY00001135,LN000190,2025-12-19,2025-12-17,24239,24239,PAID,UPI
PAY00001136,LN000190,2026-01-18,2026-01-30,24239,8343,PARTIAL,AUTO_DEBIT
PAY00001137,LN000190,2026-02-17,2026-03-14,24239,24239,LATE,CASH
PAY00001138,LN000190,2026-03-19,2026-03-19,24239,24239,PAID,NET_BANKING
PAY00001139,LN000190,2026-04-18,2026-04-17,24239,24239,PAID,NET_BANKING
PAY00001140,LN000190,2026-05-18,2026-05-18,24239,24239,PAID,CARD
PAY00001141,LN000191,2025-10-31,2025-11-01,37949,37949,LATE,NET_BANKING
PAY00001142,LN000191,2025-11-30,2025-12-16,37949,37949,LATE,AUTO_DEBIT
PAY00001143,LN000191,2025-12-30,2025-12-30,37949,37949,PAID,UPI
PAY00001144,LN000191,2026-01-29,2026-01-27,37949,37949,PAID,CARD
PAY00001145,LN000191,2026-02-28,2026-02-26,37949,37949,PAID,NET_BANKING
PAY00001146,LN000191,2026-03-30,2026-03-28,37949,37949,PAID,CARD
PAY00001147,LN000192,2025-11-26,2025-11-25,139214,139214,PAID,CARD
PAY00001148,LN000192,2025-12-26,2026-01-10,139214,114309,PARTIAL,CASH
PAY00001149,LN000192,2026-01-25,2026-02-06,139214,139214,LATE,UPI
PAY00001150,LN000192,2026-02-24,2026-02-24,139214,139214,PAID,CASH
PAY00001151,LN000192,2026-03-26,,139214,0,MISSED,
PAY00001152,LN000192,2026-04-25,2026-04-24,139214,139214,PAID,CARD
PAY00001153,LN000193,2025-03-26,2025-03-26,48991,48991,PAID,CARD
PAY00001154,LN000193,2025-04-25,2025-05-17,48991,48991,LATE,NET_BANKING
PAY00001155,LN000193,2025-05-25,2025-05-27,48991,40987,PARTIAL,CASH
PAY00001156,LN000193,2025-06-24,,48991,0,MISSED,
PAY00001157,LN000193,2025-07-24,2025-07-22,48991,48991,PAID,CASH
PAY00001158,LN000193,2025-08-23,2025-09-03,48991,38974,PARTIAL,UPI
PAY00001159,LN000194,2025-09-12,2025-10-02,286527,229872,PARTIAL,CARD
PAY00001160,LN000194,2025-10-12,2025-10-12,286527,286527,PAID,CASH
PAY00001161,LN000194,2025-11-11,2025-11-09,286527,286527,PAID,CARD
PAY00001162,LN000194,2025-12-11,2026-01-01,286527,286527,LATE,CARD
PAY00001163,LN000194,2026-01-10,2026-01-20,286527,286527,LATE,UPI
PAY00001164,LN000194,2026-02-09,2026-02-08,286527,286527,PAID,CARD
PAY00001165,LN000195,2025-10-31,2025-11-05,635320,635320,LATE,CASH
PAY00001166,LN000195,2025-11-30,,635320,0,MISSED,
PAY00001167,LN000195,2025-12-30,2025-12-30,635320,635320,PAID,CASH
PAY00001168,LN000195,2026-01-29,2026-01-27,635320,635320,PAID,AUTO_DEBIT
PAY00001169,LN000195,2026-02-28,2026-03-06,635320,635320,LATE,UPI
PAY00001170,LN000195,2026-03-30,2026-03-28,635320,635320,PAID,CASH
PAY00001171,LN000196,2025-04-14,2025-04-24,92990,92990,LATE,CARD
PAY00001172,LN000196,2025-05-14,,92990,0,MISSED,
PAY00001173,LN000196,2025-06-13,2025-06-13,92990,92990,PAID,AUTO_DEBIT
PAY00001174,LN000196,2025-07-13,2025-07-11,92990,92990,PAID,AUTO_DEBIT
PAY00001175,LN000196,2025-08-12,2025-08-10,92990,92990,PAID,UPI
PAY00001176,LN000196,2025-09-11,2025-09-09,92990,92990,PAID,UPI
PAY00001177,LN000197,2025-02-05,,18421,0,MISSED,
PAY00001178,LN000197,2025-03-07,2025-03-26,18421,18421,LATE,CASH
PAY00001179,LN000197,2025-04-06,2025-04-27,18421,18421,LATE,CASH
PAY00001180,LN000197,2025-05-06,2025-05-14,18421,18421,LATE,AUTO_DEBIT
PAY00001181,LN000197,2025-06-05,2025-06-03,18421,18421,PAID,CASH
PAY00001182,LN000197,2025-07-05,2025-07-03,18421,18421,PAID,CARD
PAY00001183,LN000198,2025-11-20,2025-11-19,35612,35612,PAID,CASH
PAY00001184,LN000198,2025-12-20,2025-12-19,35612,35612,PAID,CARD
PAY00001185,LN000198,2026-01-19,2026-01-17,35612,35612,PAID,CARD
PAY00001186,LN000198,2026-02-18,2026-02-21,35612,35612,LATE,UPI
PAY00001187,LN000198,2026-03-20,2026-03-20,35612,35612,PAID,CARD
PAY00001188,LN000198,2026-04-19,2026-04-19,35612,35612,PAID,AUTO_DEBIT
PAY00001189,LN000199,2025-07-26,2025-07-24,311686,311686,PAID,CASH
PAY00001190,LN000199,2025-08-25,2025-09-03,311686,311686,LATE,CASH
PAY00001191,LN000199,2025-09-24,2025-09-23,311686,311686,PAID,CARD
PAY00001192,LN000199,2025-10-24,2025-11-09,311686,311686,LATE,CARD
PAY00001193,LN000199,2025-11-23,2025-11-28,311686,311686,LATE,CASH
PAY00001194,LN000199,2025-12-23,2025-12-21,311686,311686,PAID,CARD
PAY00001195,LN000200,2025-05-24,2025-06-10,34595,34595,LATE,UPI
PAY00001196,LN000200,2025-06-23,2025-07-08,34595,34595,LATE,CARD
PAY00001197,LN000200,2025-07-23,2025-07-23,34595,34595,PAID,CASH
PAY00001198,LN000200,2025-08-22,2025-08-22,34595,34595,PAID,CASH
PAY00001199,LN000200,2025-09-21,2025-09-25,34595,11157,PARTIAL,CASH
PAY00001200,LN000200,2025-10-21,2025-10-19,34595,34595,PAID,NET_BANKING
PAY00001201,LN000201,2025-11-17,2025-11-16,22021,22021,PAID,AUTO_DEBIT
PAY00001202,LN000201,2025-12-17,2025-12-17,22021,22021,PAID,NET_BANKING
PAY00001203,LN000201,2026-01-16,2026-01-14,22021,22021,PAID,CARD
PAY00001204,LN000201,2026-02-15,2026-02-14,22021,22021,PAID,AUTO_DEBIT
PAY00001205,LN000201,2026-03-17,2026-03-15,22021,22021,PAID,CARD
PAY00001206,LN000201,2026-04-16,2026-04-14,22021,22021,PAID,AUTO_DEBIT
PAY00001207,LN000202,2025-03-09,2025-03-08,30144,30144,PAID,CASH
PAY00001208,LN000202,2025-04-08,2025-04-07,30144,30144,PAID,AUTO_DEBIT
PAY00001209,LN000202,2025-05-08,2025-05-24,30144,30144,LATE,CASH
PAY00001210,LN000202,2025-06-07,2025-06-07,30144,30144,PAID,CASH
PAY00001211,LN000202,2025-07-07,2025-07-06,30144,30144,PAID,CARD
PAY00001212,LN000202,2025-08-06,2025-08-04,30144,30144,PAID,AUTO_DEBIT
PAY00001213,LN000203,2025-11-24,2025-11-22,92045,92045,PAID,CARD
PAY00001214,LN000203,2025-12-24,2025-12-23,92045,92045,PAID,AUTO_DEBIT
PAY00001215,LN000203,2026-01-23,2026-01-21,92045,92045,PAID,CARD
PAY00001216,LN000203,2026-02-22,2026-03-15,92045,92045,LATE,UPI
PAY00001217,LN000203,2026-03-24,2026-03-25,92045,54600,PARTIAL,AUTO_DEBIT
PAY00001218,LN000203,2026-04-23,2026-04-23,92045,92045,PAID,CASH
PAY00001219,LN000204,2025-05-31,,96474,0,MISSED,
PAY00001220,LN000204,2025-06-30,2025-06-30,96474,96474,PAID,CASH
PAY00001221,LN000204,2025-07-30,2025-07-29,96474,96474,PAID,CASH
PAY00001222,LN000204,2025-08-29,2025-09-02,96474,62221,PARTIAL,CASH
PAY00001223,LN000204,2025-09-28,2025-09-28,96474,96474,PAID,AUTO_DEBIT
PAY00001224,LN000204,2025-10-28,2025-11-05,96474,96474,LATE,CASH
PAY00001225,LN000205,2025-09-18,2025-10-08,37613,37613,LATE,AUTO_DEBIT
PAY00001226,LN000205,2025-10-18,2025-10-18,37613,37613,PAID,CARD
PAY00001227,LN000205,2025-11-17,2025-11-18,37613,17075,PARTIAL,NET_BANKING
PAY00001228,LN000205,2025-12-17,2025-12-15,37613,37613,PAID,AUTO_DEBIT
PAY00001229,LN000205,2026-01-16,2026-01-16,37613,37613,PAID,UPI
PAY00001230,LN000205,2026-02-15,,37613,0,MISSED,
PAY00001231,LN000206,2025-08-05,2025-08-05,85824,85824,PAID,AUTO_DEBIT
PAY00001232,LN000206,2025-09-04,2025-09-09,85824,85824,LATE,AUTO_DEBIT
PAY00001233,LN000206,2025-10-04,,85824,0,MISSED,
PAY00001234,LN000206,2025-11-03,2025-11-03,85824,85824,PAID,CASH
PAY00001235,LN000206,2025-12-03,,85824,0,MISSED,
PAY00001236,LN000206,2026-01-02,2025-12-31,85824,85824,PAID,UPI
PAY00001237,LN000207,2025-06-06,2025-06-06,138135,138135,PAID,CARD
PAY00001238,LN000207,2025-07-06,2025-07-15,138135,65656,PARTIAL,UPI
PAY00001239,LN000207,2025-08-05,2025-08-05,138135,138135,PAID,CASH
PAY00001240,LN000207,2025-09-04,2025-09-03,138135,138135,PAID,CASH
PAY00001241,LN000207,2025-10-04,2025-10-17,138135,138135,LATE,UPI
PAY00001242,LN000207,2025-11-03,2025-11-02,138135,138135,PAID,CARD
PAY00001243,LN000208,2025-08-03,2025-08-03,2000,2000,PAID,CARD
PAY00001244,LN000208,2025-09-02,2025-09-02,2000,2000,PAID,AUTO_DEBIT
PAY00001245,LN000208,2025-10-02,2025-09-30,2000,2000,PAID,UPI
PAY00001246,LN000208,2025-11-01,2025-10-30,2000,2000,PAID,NET_BANKING
PAY00001247,LN000208,2025-12-01,2025-11-30,2000,2000,PAID,CARD
PAY00001248,LN000208,2025-12-31,2025-12-29,2000,2000,PAID,CASH
PAY00001249,LN000209,2025-08-02,,14187,0,MISSED,
PAY00001250,LN000209,2025-09-01,2025-09-01,14187,14187,PAID,NET_BANKING
PAY00001251,LN000209,2025-10-01,2025-09-30,14187,14187,PAID,CASH
PAY00001252,LN000209,2025-10-31,2025-10-31,14187,14187,PAID,CARD
PAY00001253,LN000209,2025-11-30,,14187,0,MISSED,
PAY00001254,LN000209,2025-12-30,2025-12-28,14187,14187,PAID,NET_BANKING
PAY00001255,LN000210,2025-12-07,2025-12-23,257745,106701,PARTIAL,AUTO_DEBIT
PAY00001256,LN000210,2026-01-06,2026-01-19,257745,257745,LATE,AUTO_DEBIT
PAY00001257,LN000210,2026-02-05,2026-02-12,257745,257745,LATE,CASH
PAY00001258,LN000210,2026-03-07,2026-03-17,257745,257745,LATE,UPI
PAY00001259,LN000210,2026-04-06,2026-04-04,257745,257745,PAID,CASH
PAY00001260,LN000210,2026-05-06,2026-05-06,257745,257745,PAID,CARD
PAY00001261,LN000211,2025-05-11,2025-06-04,13316,13316,LATE,CASH
PAY00001262,LN000211,2025-06-10,,13316,0,MISSED,
PAY00001263,LN000211,2025-07-10,2025-07-17,13316,8206,PARTIAL,AUTO_DEBIT
PAY00001264,LN000211,2025-08-09,2025-08-20,13316,8403,PARTIAL,CARD
PAY00001265,LN000211,2025-09-08,2025-09-06,13316,13316,PAID,AUTO_DEBIT
PAY00001266,LN000211,2025-10-08,2025-10-07,13316,13316,PAID,CASH
PAY00001267,LN000212,2025-02-09,2025-02-14,184505,117689,PARTIAL,UPI
PAY00001268,LN000212,2025-03-11,2025-03-11,184505,184505,PAID,UPI
PAY00001269,LN000212,2025-04-10,2025-04-09,184505,184505,PAID,CASH
PAY00001270,LN000212,2025-05-10,2025-05-26,184505,130533,PARTIAL,CASH
PAY00001271,LN000212,2025-06-09,2025-06-07,184505,184505,PAID,UPI
PAY00001272,LN000212,2025-07-09,2025-07-07,184505,184505,PAID,CARD
PAY00001273,LN_BAD_NEGATIVE,2025-09-16,2025-09-15,2000,2000,PAID,CASH
PAY00001274,LN_BAD_NEGATIVE,2025-10-16,2025-10-16,2000,2000,PAID,UPI
PAY00001275,LN_BAD_NEGATIVE,2025-11-15,2025-11-14,2000,2000,PAID,NET_BANKING
PAY00001276,LN_BAD_NEGATIVE,2025-12-15,2025-12-15,2000,2000,PAID,UPI
PAY00001277,LN_BAD_NEGATIVE,2026-01-14,2026-02-05,2000,2000,LATE,AUTO_DEBIT
PAY00001278,LN_BAD_NEGATIVE,2026-02-13,2026-02-11,2000,2000,PAID,AUTO_DEBIT
PAY00001279,LN_BAD_ORPHAN_CUSTOMER,2025-10-13,2025-10-12,49153,49153,PAID,AUTO_DEBIT
PAY00001280,LN_BAD_ORPHAN_CUSTOMER,2025-11-12,2025-11-11,49153,49153,PAID,CASH
PAY00001281,LN_BAD_ORPHAN_CUSTOMER,2025-12-12,2025-12-12,49153,49153,PAID,CARD
PAY00001282,LN_BAD_ORPHAN_CUSTOMER,2026-01-11,2026-01-10,49153,49153,PAID,CASH
PAY00001283,LN_BAD_ORPHAN_CUSTOMER,2026-02-10,2026-02-10,49153,49153,PAID,CASH
PAY00001284,LN_BAD_ORPHAN_CUSTOMER,2026-03-12,2026-03-10,49153,49153,PAID,CASH
PAY00000001,LN000001,2025-09-16,2025-10-05,105991,105991,LATE,CARD
PAY_BAD_ORPHAN_LOAN,LN999999,2025-12-15,,12500,0,MISSED,
